TimeStamp,Voltage,Current,RealPower,PowerFactor,ApparantPower,Reactivepower,Frequency,Remarks
2021-08-10 09:03:08.576142,224.38,0.70,162.00,0.90,179.40,77.08,50.02,
2021-08-10 09:03:08.578450,224.38,0.70,162.00,0.90,179.40,77.08,50.02,
2021-08-10 09:03:08.580535,224.38,0.70,162.00,0.90,179.40,77.08,50.02,
2021-08-10 09:03:08.583227,224.38,0.70,162.00,0.90,179.40,77.08,50.02,
2021-08-10 09:03:08.587118,224.38,0.70,162.00,0.90,179.40,77.08,50.02,
2021-08-10 09:03:08.590577,224.38,0.70,162.00,0.90,179.40,77.08,50.02,
2021-08-10 09:03:08.594490,224.38,0.70,162.00,0.90,179.40,77.08,50.02,
2021-08-10 09:03:08.598384,224.38,0.70,162.00,0.90,179.40,77.08,50.02,
2021-08-10 09:03:08.602303,224.39,0.70,163.00,0.91,179.52,75.21,50.02,
2021-08-10 09:03:08.606257,224.39,0.70,163.00,0.91,179.52,75.21,50.02,
2021-08-10 09:03:08.609699,224.39,0.70,163.00,0.91,179.52,75.21,50.02,
2021-08-10 09:03:08.613435,224.39,0.70,163.00,0.91,179.52,75.21,50.02,
2021-08-10 09:03:08.617549,224.39,0.70,163.00,0.91,179.52,75.21,50.02,
2021-08-10 09:03:08.621423,224.39,0.70,163.00,0.91,179.52,75.21,50.02,
2021-08-10 09:03:08.625225,224.39,0.70,163.00,0.91,179.52,75.21,50.02,
2021-08-10 09:03:08.629308,224.39,0.70,163.00,0.91,179.52,75.21,50.02,
2021-08-10 09:03:08.632487,224.39,0.70,163.00,0.91,179.52,75.21,50.02,
2021-08-10 09:03:08.636461,224.39,0.70,163.00,0.91,179.52,75.21,50.02,
2021-08-10 09:03:08.640429,224.39,0.70,163.00,0.91,179.52,75.21,50.02,
2021-08-10 09:03:08.644386,224.39,0.70,163.00,0.91,179.52,75.21,50.02,
2021-08-10 09:03:08.648214,224.39,0.70,163.00,0.91,179.52,75.21,50.02,
2021-08-10 09:03:08.651566,224.39,0.70,163.00,0.91,179.52,75.21,50.02,
2021-08-10 09:03:08.655392,224.39,0.70,163.00,0.91,179.52,75.21,50.02,
2021-08-10 09:03:08.659348,224.39,0.70,163.00,0.91,179.52,75.21,50.02,
2021-08-10 09:03:08.663290,224.39,0.70,163.00,0.91,179.52,75.21,50.02,
2021-08-10 09:03:08.667148,224.39,0.70,163.00,0.91,179.52,75.21,50.02,
2021-08-10 09:03:08.671408,224.39,0.70,163.00,0.91,179.52,75.21,50.02,
2021-08-10 09:03:08.674628,224.39,0.70,163.00,0.91,179.52,75.21,50.02,
2021-08-10 09:03:08.678568,224.39,0.70,163.00,0.91,179.52,75.21,50.02,
2021-08-10 09:03:08.682411,224.39,0.70,163.00,0.91,179.52,75.21,50.02,
2021-08-10 09:03:08.686657,224.39,0.70,163.00,0.91,179.52,75.21,50.02,
2021-08-10 09:03:08.692057,224.39,0.70,163.00,0.91,179.52,75.21,50.02,
2021-08-10 09:03:08.695118,224.39,0.70,163.00,0.91,179.52,75.21,50.02,
2021-08-10 09:03:08.698131,224.39,0.70,163.00,0.91,179.52,75.21,50.02,
2021-08-10 09:03:08.701304,224.39,0.70,163.00,0.91,179.52,75.21,50.02,
2021-08-10 09:03:08.705561,224.39,0.70,163.00,0.91,179.52,75.21,50.02,
2021-08-10 09:03:08.709423,224.39,0.70,163.00,0.91,179.52,75.21,50.02,
2021-08-10 09:03:08.713083,224.39,0.70,163.00,0.91,179.52,75.21,50.02,
2021-08-10 09:03:08.716504,224.39,0.70,163.00,0.91,179.52,75.21,50.02,
2021-08-10 09:03:08.720485,224.39,0.70,163.00,0.91,179.52,75.21,50.02,
2021-08-10 09:03:08.724392,224.39,0.70,163.00,0.91,179.52,75.21,50.02,
2021-08-10 09:03:08.728445,224.39,0.70,163.00,0.91,179.52,75.21,50.02,
2021-08-10 09:03:08.732341,224.39,0.70,163.00,0.91,179.52,75.21,50.02,
2021-08-10 09:03:08.735658,224.39,0.70,163.00,0.91,179.52,75.21,50.02,
2021-08-10 09:03:08.739553,224.39,0.70,163.00,0.91,179.52,75.21,50.02,
2021-08-10 09:03:08.743642,224.39,0.70,163.00,0.91,179.52,75.21,50.02,
2021-08-10 09:03:08.747476,224.39,0.70,163.00,0.91,179.52,75.21,50.02,
2021-08-10 09:03:08.751435,224.39,0.70,163.00,0.91,179.52,75.21,50.02,
2021-08-10 09:03:08.755304,224.39,0.70,163.00,0.91,179.52,75.21,50.02,
2021-08-10 09:03:08.758635,224.39,0.70,163.00,0.91,179.52,75.21,50.02,
2021-08-10 09:03:08.762535,224.39,0.70,163.00,0.91,179.52,75.21,50.02,
2021-08-10 09:03:08.766466,224.39,0.70,163.00,0.91,179.52,75.21,50.02,
2021-08-10 09:03:08.771892,224.39,0.70,163.00,0.91,179.52,75.21,50.02,
2021-08-10 09:03:08.774857,224.39,0.70,163.00,0.91,179.52,75.21,50.02,
2021-08-10 09:03:08.778190,224.39,0.70,163.00,0.91,179.52,75.21,50.02,
2021-08-10 09:03:08.781658,224.39,0.70,163.00,0.91,179.52,75.21,50.02,
2021-08-10 09:03:08.785403,224.39,0.70,163.00,0.91,179.52,75.21,50.02,
2021-08-10 09:03:08.789437,224.39,0.70,163.00,0.91,179.52,75.21,50.02,
2021-08-10 09:03:08.794133,224.39,0.70,163.00,0.91,179.52,75.21,50.02,
2021-08-10 09:03:08.797294,224.39,0.70,163.00,0.91,179.52,75.21,50.02,
2021-08-10 09:03:08.800573,224.39,0.70,163.00,0.91,179.52,75.21,50.02,
2021-08-10 09:03:08.804450,224.39,0.70,163.00,0.91,179.52,75.21,50.02,
2021-08-10 09:03:08.808455,224.39,0.70,163.00,0.91,179.52,75.21,50.02,
2021-08-10 09:03:08.812377,224.39,0.70,163.00,0.91,179.52,75.21,50.02,
2021-08-10 09:03:08.816246,224.39,0.70,163.00,0.91,179.52,75.21,50.02,
2021-08-10 09:03:08.820249,224.39,0.70,163.00,0.91,179.52,75.21,50.02,
2021-08-10 09:03:08.823486,224.39,0.70,163.00,0.91,179.52,75.21,50.02,
2021-08-10 09:03:08.827496,224.39,0.70,163.00,0.91,179.52,75.21,50.02,
2021-08-10 09:03:08.831292,224.39,0.70,163.00,0.91,179.52,75.21,50.02,
2021-08-10 09:03:08.835250,224.39,0.70,163.00,0.91,179.52,75.21,50.02,
2021-08-10 09:03:08.839260,224.39,0.70,163.00,0.91,179.52,75.21,50.02,
2021-08-10 09:03:08.842461,224.39,0.70,163.00,0.91,179.52,75.21,50.02,
2021-08-10 09:03:08.846301,224.39,0.70,163.00,0.91,179.52,75.21,50.02,
2021-08-10 09:03:08.850466,224.39,0.70,163.00,0.91,179.52,75.21,50.02,
2021-08-10 09:03:08.854251,224.39,0.70,163.00,0.91,179.52,75.21,50.02,
2021-08-10 09:03:08.858251,224.39,0.70,163.00,0.91,179.52,75.21,50.02,
2021-08-10 09:03:08.862303,224.39,0.70,163.00,0.91,179.52,75.21,50.02,
2021-08-10 09:03:08.865597,224.39,0.70,163.00,0.91,179.52,75.21,50.02,
2021-08-10 09:03:08.869548,224.39,0.70,163.00,0.91,179.52,75.21,50.02,
2021-08-10 09:03:08.873327,224.39,0.70,163.00,0.91,179.52,75.21,50.02,
2021-08-10 09:03:08.877134,224.39,0.70,163.00,0.91,179.52,75.21,50.02,
2021-08-10 09:03:08.881232,224.39,0.70,163.00,0.91,179.52,75.21,50.02,
2021-08-10 09:03:08.884525,224.39,0.70,163.00,0.91,179.52,75.21,50.02,
2021-08-10 09:03:08.888442,224.39,0.70,163.00,0.91,179.52,75.21,50.02,
2021-08-10 09:03:08.892345,224.39,0.70,163.00,0.91,179.52,75.21,50.02,
2021-08-10 09:03:08.896343,224.39,0.70,163.00,0.91,179.52,75.21,50.02,
2021-08-10 09:03:08.900272,224.39,0.70,163.00,0.91,179.52,75.21,50.02,
2021-08-10 09:03:08.904215,224.39,0.70,163.00,0.91,179.52,75.21,50.02,
2021-08-10 09:03:08.907546,224.39,0.70,163.00,0.91,179.52,75.21,50.02,
2021-08-10 09:03:08.911431,224.39,0.70,163.00,0.91,179.52,75.21,50.02,
2021-08-10 09:03:08.915356,224.39,0.70,163.00,0.91,179.52,75.21,50.02,
2021-08-10 09:03:08.919236,224.26,0.71,164.00,0.91,180.62,75.67,50.02,
2021-08-10 09:03:08.923278,224.26,0.71,164.00,0.91,180.62,75.67,50.02,
2021-08-10 09:03:08.926521,224.26,0.71,164.00,0.91,180.62,75.67,50.02,
2021-08-10 09:03:08.930292,224.26,0.71,164.00,0.91,180.62,75.67,50.02,
2021-08-10 09:03:08.934342,224.26,0.71,164.00,0.91,180.62,75.67,50.02,
2021-08-10 09:03:08.938414,224.26,0.71,164.00,0.91,180.62,75.67,50.02,
2021-08-10 09:03:08.942285,224.26,0.71,164.00,0.91,180.62,75.67,50.02,
2021-08-10 09:03:08.946171,224.26,0.71,164.00,0.91,180.62,75.67,50.02,
2021-08-10 09:03:08.949463,224.26,0.71,164.00,0.91,180.62,75.67,50.02,
2021-08-10 09:03:08.953292,224.26,0.71,164.00,0.91,180.62,75.67,50.02,
2021-08-10 09:03:08.957367,224.26,0.71,164.00,0.91,180.62,75.67,50.02,
2021-08-10 09:03:08.961236,224.26,0.71,164.00,0.91,180.62,75.67,50.02,
2021-08-10 09:03:08.965210,224.26,0.71,164.00,0.91,180.62,75.67,50.02,
2021-08-10 09:03:08.968582,224.26,0.71,164.00,0.91,180.62,75.67,50.02,
2021-08-10 09:03:08.972480,224.26,0.71,164.00,0.91,180.62,75.67,50.02,
2021-08-10 09:03:08.976447,224.26,0.71,164.00,0.91,180.62,75.67,50.02,
2021-08-10 09:03:08.980352,224.26,0.71,164.00,0.91,180.62,75.67,50.02,
2021-08-10 09:03:08.984313,224.26,0.71,164.00,0.91,180.62,75.67,50.02,
2021-08-10 09:03:08.988205,224.26,0.71,164.00,0.91,180.62,75.67,50.02,
2021-08-10 09:03:08.991517,224.26,0.71,164.00,0.91,180.62,75.67,50.02,
2021-08-10 09:03:08.995502,224.26,0.71,164.00,0.91,180.62,75.67,50.02,
2021-08-10 09:03:08.999406,224.26,0.71,164.00,0.91,180.62,75.67,50.02,
2021-08-10 09:03:09.003323,224.26,0.71,164.00,0.91,180.62,75.67,50.02,
2021-08-10 09:03:09.007186,224.26,0.71,164.00,0.91,180.62,75.67,50.02,
2021-08-10 09:03:09.010714,224.26,0.71,164.00,0.91,180.62,75.67,50.02,
2021-08-10 09:03:09.014497,224.26,0.71,164.00,0.91,180.62,75.67,50.02,
2021-08-10 09:03:09.018465,224.26,0.71,164.00,0.91,180.62,75.67,50.02,
2021-08-10 09:03:09.022432,224.26,0.71,164.00,0.91,180.62,75.67,50.02,
2021-08-10 09:03:09.026353,224.26,0.71,164.00,0.91,180.62,75.67,50.02,
2021-08-10 09:03:09.030155,224.26,0.71,164.00,0.91,180.62,75.67,50.02,
2021-08-10 09:03:09.033622,224.26,0.71,164.00,0.91,180.62,75.67,50.02,
2021-08-10 09:03:09.037495,224.26,0.71,164.00,0.91,180.62,75.67,50.02,
2021-08-10 09:03:09.041399,224.26,0.71,164.00,0.91,180.62,75.67,50.02,
2021-08-10 09:03:09.045349,224.26,0.71,164.00,0.91,180.62,75.67,50.02,
2021-08-10 09:03:09.049287,224.26,0.71,164.00,0.91,180.62,75.67,50.02,
2021-08-10 09:03:09.052613,224.26,0.71,164.00,0.91,180.62,75.67,50.02,
2021-08-10 09:03:09.056522,224.26,0.71,164.00,0.91,180.62,75.67,50.02,
2021-08-10 09:03:09.060569,224.26,0.71,164.00,0.91,180.62,75.67,50.02,
2021-08-10 09:03:09.064296,224.26,0.71,164.00,0.91,180.62,75.67,50.02,
2021-08-10 09:03:09.068216,224.26,0.71,164.00,0.91,180.62,75.67,50.02,
2021-08-10 09:03:09.072206,224.26,0.71,164.00,0.91,180.62,75.67,50.02,
2021-08-10 09:03:09.075770,224.26,0.71,164.00,0.91,180.62,75.67,50.02,
2021-08-10 09:03:09.079409,224.26,0.71,164.00,0.91,180.62,75.67,50.02,
2021-08-10 09:03:09.083444,224.26,0.71,164.00,0.91,180.62,75.67,50.02,
2021-08-10 09:03:09.087634,224.26,0.71,164.00,0.91,180.62,75.67,50.02,
2021-08-10 09:03:09.091448,224.26,0.71,164.00,0.91,180.62,75.67,50.02,
2021-08-10 09:03:09.094641,224.26,0.71,164.00,0.91,180.62,75.67,50.02,
2021-08-10 09:03:09.098619,224.26,0.71,164.00,0.91,180.62,75.67,50.02,
2021-08-10 09:03:09.102747,224.26,0.71,164.00,0.91,180.62,75.67,50.02,
2021-08-10 09:03:09.106397,224.26,0.71,164.00,0.91,180.62,75.67,50.02,
2021-08-10 09:03:09.110211,224.26,0.71,164.00,0.91,180.62,75.67,50.02,
2021-08-10 09:03:09.114294,224.26,0.71,164.00,0.91,180.62,75.67,50.02,
2021-08-10 09:03:09.117569,224.26,0.71,164.00,0.91,180.62,75.67,50.02,
2021-08-10 09:03:09.121610,224.26,0.71,164.00,0.91,180.62,75.67,50.02,
2021-08-10 09:03:09.125462,224.26,0.71,164.00,0.91,180.62,75.67,50.02,
2021-08-10 09:03:09.129484,224.26,0.71,164.00,0.91,180.62,75.67,50.02,
2021-08-10 09:03:09.133373,224.26,0.71,164.00,0.91,180.62,75.67,50.02,
2021-08-10 09:03:09.136756,224.26,0.71,164.00,0.91,180.62,75.67,50.02,
2021-08-10 09:03:09.140647,224.26,0.71,164.00,0.91,180.62,75.67,50.02,
2021-08-10 09:03:09.144587,224.26,0.71,164.00,0.91,180.62,75.67,50.02,
2021-08-10 09:03:09.148318,224.26,0.71,164.00,0.91,180.62,75.67,50.02,
2021-08-10 09:03:09.152323,224.26,0.71,164.00,0.91,180.62,75.67,50.02,
2021-08-10 09:03:09.156238,224.26,0.71,164.00,0.91,180.62,75.67,50.02,
2021-08-10 09:03:09.159700,224.26,0.71,164.00,0.91,180.62,75.67,50.02,
2021-08-10 09:03:09.163682,224.26,0.71,164.00,0.91,180.62,75.67,50.02,
2021-08-10 09:03:09.167495,224.26,0.71,164.00,0.91,180.62,75.67,50.02,
2021-08-10 09:03:09.171483,224.26,0.71,164.00,0.91,180.62,75.67,50.02,
2021-08-10 09:03:09.175389,224.26,0.71,164.00,0.91,180.62,75.67,50.02,
2021-08-10 09:03:09.178729,224.26,0.71,164.00,0.91,180.62,75.67,50.02,
2021-08-10 09:03:09.182541,224.26,0.71,164.00,0.91,180.62,75.67,50.02,
2021-08-10 09:03:09.186574,224.26,0.71,164.00,0.91,180.62,75.67,50.02,
2021-08-10 09:03:09.190788,224.26,0.71,164.00,0.91,180.62,75.67,50.02,
2021-08-10 09:03:09.194425,224.26,0.71,164.00,0.91,180.62,75.67,50.02,
2021-08-10 09:03:09.198331,224.26,0.71,164.00,0.91,180.62,75.67,50.02,
2021-08-10 09:03:09.201721,224.26,0.71,164.00,0.91,180.62,75.67,50.02,
2021-08-10 09:03:09.205672,224.26,0.71,164.00,0.91,180.62,75.67,50.02,
2021-08-10 09:03:09.209327,224.26,0.71,164.00,0.91,180.62,75.67,50.02,
2021-08-10 09:03:09.213306,224.26,0.71,164.00,0.91,180.62,75.67,50.02,
2021-08-10 09:03:09.217485,224.26,0.71,164.00,0.91,180.62,75.67,50.02,
2021-08-10 09:03:09.220659,224.26,0.71,164.00,0.91,180.62,75.67,50.02,
2021-08-10 09:03:09.224573,224.26,0.71,164.00,0.91,180.62,75.67,50.02,
2021-08-10 09:03:09.228415,224.26,0.71,164.00,0.91,180.62,75.67,50.02,
2021-08-10 09:03:09.232453,224.26,0.71,164.00,0.91,180.62,75.67,50.02,
2021-08-10 09:03:09.236357,224.26,0.71,164.00,0.91,180.62,75.67,50.02,
2021-08-10 09:03:09.240193,224.06,0.71,164.00,0.90,181.22,77.09,50.02,
2021-08-10 09:03:09.243708,224.06,0.71,164.00,0.90,181.22,77.09,50.02,
2021-08-10 09:03:09.247412,224.06,0.71,164.00,0.90,181.22,77.09,50.02,
2021-08-10 09:03:09.251509,224.06,0.71,164.00,0.90,181.22,77.09,50.02,
2021-08-10 09:03:09.255448,224.06,0.71,164.00,0.90,181.22,77.09,50.02,
2021-08-10 09:03:09.259335,224.06,0.71,164.00,0.90,181.22,77.09,50.02,
2021-08-10 09:03:09.262657,224.06,0.71,164.00,0.90,181.22,77.09,50.02,
2021-08-10 09:03:09.267839,224.06,0.71,164.00,0.90,181.22,77.09,50.02,
2021-08-10 09:03:09.270568,224.06,0.71,164.00,0.90,181.22,77.09,50.02,
2021-08-10 09:03:09.274636,224.06,0.71,164.00,0.90,181.22,77.09,50.02,
2021-08-10 09:03:09.278537,224.06,0.71,164.00,0.90,181.22,77.09,50.02,
2021-08-10 09:03:09.282325,224.06,0.71,164.00,0.90,181.22,77.09,50.02,
2021-08-10 09:03:09.285801,224.06,0.71,164.00,0.90,181.22,77.09,50.02,
2021-08-10 09:03:09.289922,224.06,0.71,164.00,0.90,181.22,77.09,50.02,
2021-08-10 09:03:09.293535,224.06,0.71,164.00,0.90,181.22,77.09,50.02,
2021-08-10 09:03:09.297513,224.06,0.71,164.00,0.90,181.22,77.09,50.02,
2021-08-10 09:03:09.301538,224.06,0.71,164.00,0.90,181.22,77.09,50.02,
2021-08-10 09:03:09.304682,224.06,0.71,164.00,0.90,181.22,77.09,50.02,
2021-08-10 09:03:09.308647,224.06,0.71,164.00,0.90,181.22,77.09,50.02,
2021-08-10 09:03:09.312927,224.06,0.71,164.00,0.90,181.22,77.09,50.02,
2021-08-10 09:03:09.316562,224.06,0.71,164.00,0.90,181.22,77.09,50.02,
2021-08-10 09:03:09.320344,224.06,0.71,164.00,0.90,181.22,77.09,50.02,
2021-08-10 09:03:09.324366,224.06,0.71,164.00,0.90,181.22,77.09,50.02,
2021-08-10 09:03:09.327573,224.06,0.71,164.00,0.90,181.22,77.09,50.02,
2021-08-10 09:03:09.331745,224.06,0.71,164.00,0.90,181.22,77.09,50.02,
2021-08-10 09:03:09.335499,224.06,0.71,164.00,0.90,181.22,77.09,50.02,
2021-08-10 09:03:09.339437,224.06,0.71,164.00,0.90,181.22,77.09,50.02,
2021-08-10 09:03:09.343340,224.06,0.71,164.00,0.90,181.22,77.09,50.02,
2021-08-10 09:03:09.347439,224.06,0.71,164.00,0.90,181.22,77.09,50.02,
2021-08-10 09:03:09.350985,224.06,0.71,164.00,0.90,181.22,77.09,50.02,
2021-08-10 09:03:09.354567,224.06,0.71,164.00,0.90,181.22,77.09,50.02,
2021-08-10 09:03:09.358500,224.06,0.71,164.00,0.90,181.22,77.09,50.02,
2021-08-10 09:03:09.362571,224.06,0.71,164.00,0.90,181.22,77.09,50.02,
2021-08-10 09:03:09.366277,224.06,0.71,164.00,0.90,181.22,77.09,50.02,
2021-08-10 09:03:09.369718,224.06,0.71,164.00,0.90,181.22,77.09,50.02,
2021-08-10 09:03:09.373580,224.06,0.71,164.00,0.90,181.22,77.09,50.02,
2021-08-10 09:03:09.377601,224.06,0.71,164.00,0.90,181.22,77.09,50.02,
2021-08-10 09:03:09.381481,224.06,0.71,164.00,0.90,181.22,77.09,50.02,
2021-08-10 09:03:09.385468,224.06,0.71,164.00,0.90,181.22,77.09,50.02,
2021-08-10 09:03:09.388727,224.06,0.71,164.00,0.90,181.22,77.09,50.02,
2021-08-10 09:03:09.392630,224.06,0.71,164.00,0.90,181.22,77.09,50.02,
2021-08-10 09:03:09.396555,224.06,0.71,164.00,0.90,181.22,77.09,50.02,
2021-08-10 09:03:09.400720,224.06,0.71,164.00,0.90,181.22,77.09,50.02,
2021-08-10 09:03:09.404611,224.06,0.71,164.00,0.90,181.22,77.09,50.02,
2021-08-10 09:03:09.408457,224.06,0.71,164.00,0.90,181.22,77.09,50.02,
2021-08-10 09:03:09.411818,224.06,0.71,164.00,0.90,181.22,77.09,50.02,
2021-08-10 09:03:09.415620,224.06,0.71,164.00,0.90,181.22,77.09,50.02,
2021-08-10 09:03:09.419556,224.06,0.71,164.00,0.90,181.22,77.09,50.02,
2021-08-10 09:03:09.423491,224.06,0.71,164.00,0.90,181.22,77.09,50.02,
2021-08-10 09:03:09.427448,224.06,0.71,164.00,0.90,181.22,77.09,50.02,
2021-08-10 09:03:09.431341,224.06,0.71,164.00,0.90,181.22,77.09,50.02,
2021-08-10 09:03:09.434761,224.06,0.71,164.00,0.90,181.22,77.09,50.02,
2021-08-10 09:03:09.438626,224.06,0.71,164.00,0.90,181.22,77.09,50.02,
2021-08-10 09:03:09.442579,224.06,0.71,164.00,0.90,181.22,77.09,50.02,
2021-08-10 09:03:09.446431,224.06,0.71,164.00,0.90,181.22,77.09,50.02,
2021-08-10 09:03:09.450296,224.06,0.71,164.00,0.90,181.22,77.09,50.02,
2021-08-10 09:03:09.453739,224.06,0.71,164.00,0.90,181.22,77.09,50.02,
2021-08-10 09:03:09.457593,224.06,0.71,164.00,0.90,181.22,77.09,50.02,
2021-08-10 09:03:09.461575,224.06,0.71,164.00,0.90,181.22,77.09,50.02,
2021-08-10 09:03:09.465452,224.06,0.71,164.00,0.90,181.22,77.09,50.02,
2021-08-10 09:03:09.469334,224.06,0.71,164.00,0.90,181.22,77.09,50.02,
2021-08-10 09:03:09.473247,224.06,0.71,164.00,0.90,181.22,77.09,50.02,
2021-08-10 09:03:09.476543,224.06,0.71,164.00,0.90,181.22,77.09,50.02,
2021-08-10 09:03:09.480443,224.06,0.71,164.00,0.90,181.22,77.09,50.02,
2021-08-10 09:03:09.484413,224.06,0.71,164.00,0.90,181.22,77.09,50.02,
2021-08-10 09:03:09.488418,224.06,0.71,164.00,0.90,181.22,77.09,50.02,
2021-08-10 09:03:09.492346,224.06,0.71,164.00,0.90,181.22,77.09,50.02,
2021-08-10 09:03:09.495661,224.06,0.71,164.00,0.90,181.22,77.09,50.02,
2021-08-10 09:03:09.499568,224.06,0.71,164.00,0.90,181.22,77.09,50.02,
2021-08-10 09:03:09.503596,224.06,0.71,164.00,0.90,181.22,77.09,50.02,
2021-08-10 09:03:09.507528,224.06,0.71,164.00,0.90,181.22,77.09,50.02,
2021-08-10 09:03:09.511346,224.06,0.71,164.00,0.90,181.22,77.09,50.02,
2021-08-10 09:03:09.515215,224.06,0.71,164.00,0.90,181.22,77.09,50.02,
2021-08-10 09:03:09.518519,224.06,0.71,164.00,0.90,181.22,77.09,50.02,
2021-08-10 09:03:09.522598,224.06,0.71,164.00,0.90,181.22,77.09,50.02,
2021-08-10 09:03:09.526468,224.06,0.71,164.00,0.90,181.22,77.09,50.02,
2021-08-10 09:03:09.530456,224.06,0.71,164.00,0.90,181.22,77.09,50.02,
2021-08-10 09:03:09.534304,224.06,0.71,164.00,0.90,181.22,77.09,50.02,
2021-08-10 09:03:09.537670,224.06,0.71,164.00,0.90,181.22,77.09,50.02,
2021-08-10 09:03:09.541585,224.06,0.71,164.00,0.90,181.22,77.09,50.02,
2021-08-10 09:03:09.545430,224.06,0.71,164.00,0.90,181.22,77.09,50.02,
2021-08-10 09:03:09.549394,224.06,0.71,164.00,0.90,181.22,77.09,50.02,
2021-08-10 09:03:09.553330,224.06,0.71,164.00,0.90,181.22,77.09,50.02,
2021-08-10 09:03:09.557261,224.06,0.71,164.00,0.90,181.22,77.09,50.02,
2021-08-10 09:03:09.560541,224.10,0.71,165.00,0.91,181.52,75.66,50.02,
2021-08-10 09:03:09.564503,224.10,0.71,165.00,0.91,181.52,75.66,50.02,
2021-08-10 09:03:09.568460,224.10,0.71,165.00,0.91,181.52,75.66,50.02,
2021-08-10 09:03:09.572391,224.10,0.71,165.00,0.91,181.52,75.66,50.02,
2021-08-10 09:03:09.576296,224.10,0.71,165.00,0.91,181.52,75.66,50.02,
2021-08-10 09:03:09.579638,224.10,0.71,165.00,0.91,181.52,75.66,50.02,
2021-08-10 09:03:09.583565,224.10,0.71,165.00,0.91,181.52,75.66,50.02,
2021-08-10 09:03:09.587500,224.10,0.71,165.00,0.91,181.52,75.66,50.02,
2021-08-10 09:03:09.591447,224.10,0.71,165.00,0.91,181.52,75.66,50.02,
2021-08-10 09:03:09.595330,224.10,0.71,165.00,0.91,181.52,75.66,50.02,
2021-08-10 09:03:09.599253,224.10,0.71,165.00,0.91,181.52,75.66,50.02,
2021-08-10 09:03:09.602598,224.10,0.71,165.00,0.91,181.52,75.66,50.02,
2021-08-10 09:03:09.606554,224.10,0.71,165.00,0.91,181.52,75.66,50.02,
2021-08-10 09:03:09.610459,224.10,0.71,165.00,0.91,181.52,75.66,50.02,
2021-08-10 09:03:09.614398,224.10,0.71,165.00,0.91,181.52,75.66,50.02,
2021-08-10 09:03:09.618313,224.10,0.71,165.00,0.91,181.52,75.66,50.02,
2021-08-10 09:03:09.621711,224.10,0.71,165.00,0.91,181.52,75.66,50.02,
2021-08-10 09:03:09.625573,224.10,0.71,165.00,0.91,181.52,75.66,50.02,
2021-08-10 09:03:09.629434,224.10,0.71,165.00,0.91,181.52,75.66,50.02,
2021-08-10 09:03:09.633473,224.10,0.71,165.00,0.91,181.52,75.66,50.02,
2021-08-10 09:03:09.637368,224.10,0.71,165.00,0.91,181.52,75.66,50.02,
2021-08-10 09:03:09.641308,224.10,0.71,165.00,0.91,181.52,75.66,50.02,
2021-08-10 09:03:09.644641,224.10,0.71,165.00,0.91,181.52,75.66,50.02,
2021-08-10 09:03:09.648507,224.10,0.71,165.00,0.91,181.52,75.66,50.02,
2021-08-10 09:03:09.652485,224.10,0.71,165.00,0.91,181.52,75.66,50.02,
2021-08-10 09:03:09.656364,224.10,0.71,165.00,0.91,181.52,75.66,50.02,
2021-08-10 09:03:09.660245,224.10,0.71,165.00,0.91,181.52,75.66,50.02,
2021-08-10 09:03:09.663633,224.10,0.71,165.00,0.91,181.52,75.66,50.02,
2021-08-10 09:03:09.667637,224.10,0.71,165.00,0.91,181.52,75.66,50.02,
2021-08-10 09:03:09.671512,224.10,0.71,165.00,0.91,181.52,75.66,50.02,
2021-08-10 09:03:09.675449,224.10,0.71,165.00,0.91,181.52,75.66,50.02,
2021-08-10 09:03:09.679348,224.10,0.71,165.00,0.91,181.52,75.66,50.02,
2021-08-10 09:03:09.683302,224.10,0.71,165.00,0.91,181.52,75.66,50.02,
2021-08-10 09:03:09.686819,224.10,0.71,165.00,0.91,181.52,75.66,50.02,
2021-08-10 09:03:09.690769,224.10,0.71,165.00,0.91,181.52,75.66,50.02,
2021-08-10 09:03:09.694602,224.10,0.71,165.00,0.91,181.52,75.66,50.02,
2021-08-10 09:03:09.699478,224.10,0.71,165.00,0.91,181.52,75.66,50.02,
2021-08-10 09:03:09.703917,224.10,0.71,165.00,0.91,181.52,75.66,50.02,
2021-08-10 09:03:09.706206,224.10,0.71,165.00,0.91,181.52,75.66,50.02,
2021-08-10 09:03:09.709592,224.10,0.71,165.00,0.91,181.52,75.66,50.02,
2021-08-10 09:03:09.713492,224.10,0.71,165.00,0.91,181.52,75.66,50.02,
2021-08-10 09:03:09.717520,224.10,0.71,165.00,0.91,181.52,75.66,50.02,
2021-08-10 09:03:09.721418,224.10,0.71,165.00,0.91,181.52,75.66,50.02,
2021-08-10 09:03:09.725334,224.10,0.71,165.00,0.91,181.52,75.66,50.02,
2021-08-10 09:03:09.728677,224.10,0.71,165.00,0.91,181.52,75.66,50.02,
2021-08-10 09:03:09.732624,224.10,0.71,165.00,0.91,181.52,75.66,50.02,
2021-08-10 09:03:09.736563,224.10,0.71,165.00,0.91,181.52,75.66,50.02,
2021-08-10 09:03:09.740505,224.10,0.71,165.00,0.91,181.52,75.66,50.02,
2021-08-10 09:03:09.744586,224.10,0.71,165.00,0.91,181.52,75.66,50.02,
2021-08-10 09:03:09.747792,224.10,0.71,165.00,0.91,181.52,75.66,50.02,
2021-08-10 09:03:09.751741,224.10,0.71,165.00,0.91,181.52,75.66,50.02,
2021-08-10 09:03:09.755625,224.10,0.71,165.00,0.91,181.52,75.66,50.02,
2021-08-10 09:03:09.759534,224.10,0.71,165.00,0.91,181.52,75.66,50.02,
2021-08-10 09:03:09.763521,224.10,0.71,165.00,0.91,181.52,75.66,50.02,
2021-08-10 09:03:09.767369,224.10,0.71,165.00,0.91,181.52,75.66,50.02,
2021-08-10 09:03:09.770785,224.10,0.71,165.00,0.91,181.52,75.66,50.02,
2021-08-10 09:03:09.774632,224.10,0.71,165.00,0.91,181.52,75.66,50.02,
2021-08-10 09:03:09.778538,224.10,0.71,165.00,0.91,181.52,75.66,50.02,
2021-08-10 09:03:09.782517,224.10,0.71,165.00,0.91,181.52,75.66,50.02,
2021-08-10 09:03:09.786380,224.10,0.71,165.00,0.91,181.52,75.66,50.02,
2021-08-10 09:03:09.789749,224.10,0.71,165.00,0.91,181.52,75.66,50.02,
2021-08-10 09:03:09.793627,224.10,0.71,165.00,0.91,181.52,75.66,50.02,
2021-08-10 09:03:09.797578,224.10,0.71,165.00,0.91,181.52,75.66,50.02,
2021-08-10 09:03:09.801496,224.10,0.71,165.00,0.91,181.52,75.66,50.02,
2021-08-10 09:03:09.805478,224.10,0.71,165.00,0.91,181.52,75.66,50.02,
2021-08-10 09:03:09.809420,224.10,0.71,165.00,0.91,181.52,75.66,50.02,
2021-08-10 09:03:09.812753,224.10,0.71,165.00,0.91,181.52,75.66,50.02,
2021-08-10 09:03:09.816619,224.10,0.71,165.00,0.91,181.52,75.66,50.02,
2021-08-10 09:03:09.820560,224.10,0.71,165.00,0.91,181.52,75.66,50.02,
2021-08-10 09:03:09.824517,224.10,0.71,165.00,0.91,181.52,75.66,50.02,
2021-08-10 09:03:09.828599,224.10,0.71,165.00,0.91,181.52,75.66,50.02,
2021-08-10 09:03:09.831794,224.10,0.71,165.00,0.91,181.52,75.66,50.02,
2021-08-10 09:03:09.835665,224.10,0.71,165.00,0.91,181.52,75.66,50.02,
2021-08-10 09:03:09.839594,224.10,0.71,165.00,0.91,181.52,75.66,50.02,
2021-08-10 09:03:09.843553,224.10,0.71,165.00,0.91,181.52,75.66,50.02,
2021-08-10 09:03:09.847460,224.10,0.71,165.00,0.91,181.52,75.66,50.02,
2021-08-10 09:03:09.851368,224.10,0.71,165.00,0.91,181.52,75.66,50.02,
2021-08-10 09:03:09.854741,224.10,0.71,165.00,0.91,181.52,75.66,50.02,
2021-08-10 09:03:09.858664,224.10,0.71,165.00,0.91,181.52,75.66,50.02,
2021-08-10 09:03:09.862607,224.10,0.71,165.00,0.91,181.52,75.66,50.02,
2021-08-10 09:03:09.866461,224.10,0.71,165.00,0.91,181.52,75.66,50.02,
2021-08-10 09:03:09.870369,224.10,0.71,165.00,0.91,181.52,75.66,50.02,
2021-08-10 09:03:09.874409,224.10,0.71,165.00,0.91,181.52,75.66,50.02,
2021-08-10 09:03:09.877694,224.10,0.71,165.00,0.91,181.52,75.66,50.02,
2021-08-10 09:03:09.881665,224.12,0.71,164.00,0.91,180.42,75.20,50.02,
2021-08-10 09:03:09.885564,224.12,0.71,164.00,0.91,180.42,75.20,50.02,
2021-08-10 09:03:09.889501,224.12,0.71,164.00,0.91,180.42,75.20,50.02,
2021-08-10 09:03:09.893444,224.12,0.71,164.00,0.91,180.42,75.20,50.02,
2021-08-10 09:03:09.896766,224.12,0.71,164.00,0.91,180.42,75.20,50.02,
2021-08-10 09:03:09.900661,224.12,0.71,164.00,0.91,180.42,75.20,50.02,
2021-08-10 09:03:09.904664,224.12,0.71,164.00,0.91,180.42,75.20,50.02,
2021-08-10 09:03:09.908472,224.12,0.71,164.00,0.91,180.42,75.20,50.02,
2021-08-10 09:03:09.912384,224.12,0.71,164.00,0.91,180.42,75.20,50.02,
2021-08-10 09:03:09.916393,224.12,0.71,164.00,0.91,180.42,75.20,50.02,
2021-08-10 09:03:09.919740,224.12,0.71,164.00,0.91,180.42,75.20,50.02,
2021-08-10 09:03:09.923653,224.12,0.71,164.00,0.91,180.42,75.20,50.02,
2021-08-10 09:03:09.927510,224.12,0.71,164.00,0.91,180.42,75.20,50.02,
2021-08-10 09:03:09.931436,224.12,0.71,164.00,0.91,180.42,75.20,50.02,
2021-08-10 09:03:09.935429,224.12,0.71,164.00,0.91,180.42,75.20,50.02,
2021-08-10 09:03:09.938674,224.12,0.71,164.00,0.91,180.42,75.20,50.02,
2021-08-10 09:03:09.942618,224.12,0.71,164.00,0.91,180.42,75.20,50.02,
2021-08-10 09:03:09.946518,224.12,0.71,164.00,0.91,180.42,75.20,50.02,
2021-08-10 09:03:09.950436,224.12,0.71,164.00,0.91,180.42,75.20,50.02,
2021-08-10 09:03:09.954410,224.12,0.71,164.00,0.91,180.42,75.20,50.02,
2021-08-10 09:03:09.958337,224.12,0.71,164.00,0.91,180.42,75.20,50.02,
2021-08-10 09:03:09.961667,224.12,0.71,164.00,0.91,180.42,75.20,50.02,
2021-08-10 09:03:09.965575,224.12,0.71,164.00,0.91,180.42,75.20,50.02,
2021-08-10 09:03:09.969477,224.12,0.71,164.00,0.91,180.42,75.20,50.02,
2021-08-10 09:03:09.973423,224.12,0.71,164.00,0.91,180.42,75.20,50.02,
2021-08-10 09:03:09.977367,224.12,0.71,164.00,0.91,180.42,75.20,50.02,
2021-08-10 09:03:09.980674,224.12,0.71,164.00,0.91,180.42,75.20,50.02,
2021-08-10 09:03:09.984623,224.12,0.71,164.00,0.91,180.42,75.20,50.02,
2021-08-10 09:03:09.988506,224.12,0.71,164.00,0.91,180.42,75.20,50.02,
2021-08-10 09:03:09.992481,224.12,0.71,164.00,0.91,180.42,75.20,50.02,
2021-08-10 09:03:09.996409,224.12,0.71,164.00,0.91,180.42,75.20,50.02,
2021-08-10 09:03:10.000297,224.12,0.71,164.00,0.91,180.42,75.20,50.02,
2021-08-10 09:03:10.003661,224.12,0.71,164.00,0.91,180.42,75.20,50.02,
2021-08-10 09:03:10.007554,224.12,0.71,164.00,0.91,180.42,75.20,50.02,
2021-08-10 09:03:10.011499,224.12,0.71,164.00,0.91,180.42,75.20,50.02,
2021-08-10 09:03:10.015445,224.12,0.71,164.00,0.91,180.42,75.20,50.02,
2021-08-10 09:03:10.019350,224.12,0.71,164.00,0.91,180.42,75.20,50.02,
2021-08-10 09:03:10.022702,224.12,0.71,164.00,0.91,180.42,75.20,50.02,
2021-08-10 09:03:10.026807,224.12,0.71,164.00,0.91,180.42,75.20,50.02,
2021-08-10 09:03:10.030542,224.12,0.71,164.00,0.91,180.42,75.20,50.02,
2021-08-10 09:03:10.034543,224.12,0.71,164.00,0.91,180.42,75.20,50.02,
2021-08-10 09:03:10.038391,224.12,0.71,164.00,0.91,180.42,75.20,50.02,
2021-08-10 09:03:10.042352,224.12,0.71,164.00,0.91,180.42,75.20,50.02,
2021-08-10 09:03:10.045642,224.12,0.71,164.00,0.91,180.42,75.20,50.02,
2021-08-10 09:03:10.049573,224.12,0.71,164.00,0.91,180.42,75.20,50.02,
2021-08-10 09:03:10.053537,224.12,0.71,164.00,0.91,180.42,75.20,50.02,
2021-08-10 09:03:10.057421,224.12,0.71,164.00,0.91,180.42,75.20,50.02,
2021-08-10 09:03:10.061370,224.12,0.71,164.00,0.91,180.42,75.20,50.02,
2021-08-10 09:03:10.064672,224.12,0.71,164.00,0.91,180.42,75.20,50.02,
2021-08-10 09:03:10.068797,224.12,0.71,164.00,0.91,180.42,75.20,50.02,
2021-08-10 09:03:10.072557,224.12,0.71,164.00,0.91,180.42,75.20,50.02,
2021-08-10 09:03:10.076491,224.12,0.71,164.00,0.91,180.42,75.20,50.02,
2021-08-10 09:03:10.080387,224.12,0.71,164.00,0.91,180.42,75.20,50.02,
2021-08-10 09:03:10.084329,224.12,0.71,164.00,0.91,180.42,75.20,50.02,
2021-08-10 09:03:10.087639,224.12,0.71,164.00,0.91,180.42,75.20,50.02,
2021-08-10 09:03:10.091601,224.12,0.71,164.00,0.91,180.42,75.20,50.02,
2021-08-10 09:03:10.095528,224.12,0.71,164.00,0.91,180.42,75.20,50.02,
2021-08-10 09:03:10.099419,224.12,0.71,164.00,0.91,180.42,75.20,50.02,
2021-08-10 09:03:10.103355,224.12,0.71,164.00,0.91,180.42,75.20,50.02,
2021-08-10 09:03:10.106696,224.12,0.71,164.00,0.91,180.42,75.20,50.02,
2021-08-10 09:03:10.110611,224.12,0.71,164.00,0.91,180.42,75.20,50.02,
2021-08-10 09:03:10.114573,224.12,0.71,164.00,0.91,180.42,75.20,50.02,
2021-08-10 09:03:10.118466,224.12,0.71,164.00,0.91,180.42,75.20,50.02,
2021-08-10 09:03:10.122400,224.12,0.71,164.00,0.91,180.42,75.20,50.02,
2021-08-10 09:03:10.126351,224.12,0.71,164.00,0.91,180.42,75.20,50.02,
2021-08-10 09:03:10.129653,224.12,0.71,164.00,0.91,180.42,75.20,50.02,
2021-08-10 09:03:10.133943,224.12,0.71,164.00,0.91,180.42,75.20,50.02,
2021-08-10 09:03:10.137495,224.12,0.71,164.00,0.91,180.42,75.20,50.02,
2021-08-10 09:03:10.141451,224.12,0.71,164.00,0.91,180.42,75.20,50.02,
2021-08-10 09:03:10.145378,224.12,0.71,164.00,0.91,180.42,75.20,50.02,
2021-08-10 09:03:10.148682,224.12,0.71,164.00,0.91,180.42,75.20,50.02,
2021-08-10 09:03:10.152673,224.12,0.71,164.00,0.91,180.42,75.20,50.02,
2021-08-10 09:03:10.156571,224.12,0.71,164.00,0.91,180.42,75.20,50.02,
2021-08-10 09:03:10.160482,224.12,0.71,164.00,0.91,180.42,75.20,50.02,
2021-08-10 09:03:10.164413,224.12,0.71,164.00,0.91,180.42,75.20,50.02,
2021-08-10 09:03:10.168364,224.12,0.71,164.00,0.91,180.42,75.20,50.02,
2021-08-10 09:03:10.171712,224.12,0.71,164.00,0.91,180.42,75.20,50.02,
2021-08-10 09:03:10.175653,224.12,0.71,164.00,0.91,180.42,75.20,50.02,
2021-08-10 09:03:10.179538,224.12,0.71,164.00,0.91,180.42,75.20,50.02,
2021-08-10 09:03:10.183404,224.12,0.71,164.00,0.91,180.42,75.20,50.02,
2021-08-10 09:03:10.187482,224.12,0.71,164.00,0.91,180.42,75.20,50.02,
2021-08-10 09:03:10.190752,224.12,0.71,164.00,0.91,180.42,75.20,50.02,
2021-08-10 09:03:10.194658,224.12,0.71,164.00,0.91,180.42,75.20,50.02,
2021-08-10 09:03:10.198630,224.32,0.71,163.00,0.90,180.51,77.55,50.02,
2021-08-10 09:03:10.202494,224.32,0.71,163.00,0.90,180.51,77.55,50.02,
2021-08-10 09:03:10.206437,224.32,0.71,163.00,0.90,180.51,77.55,50.02,
2021-08-10 09:03:10.210373,224.32,0.71,163.00,0.90,180.51,77.55,50.02,
2021-08-10 09:03:10.213694,224.32,0.71,163.00,0.90,180.51,77.55,50.02,
2021-08-10 09:03:10.217694,224.32,0.71,163.00,0.90,180.51,77.55,50.02,
2021-08-10 09:03:10.221587,224.32,0.71,163.00,0.90,180.51,77.55,50.02,
2021-08-10 09:03:10.225451,224.32,0.71,163.00,0.90,180.51,77.55,50.02,
2021-08-10 09:03:10.229396,224.32,0.71,163.00,0.90,180.51,77.55,50.02,
2021-08-10 09:03:10.232737,224.32,0.71,163.00,0.90,180.51,77.55,50.02,
2021-08-10 09:03:10.236681,224.32,0.71,163.00,0.90,180.51,77.55,50.02,
2021-08-10 09:03:10.241705,224.32,0.71,163.00,0.90,180.51,77.55,50.02,
2021-08-10 09:03:10.244509,224.32,0.71,163.00,0.90,180.51,77.55,50.02,
2021-08-10 09:03:10.248486,224.32,0.71,163.00,0.90,180.51,77.55,50.02,
2021-08-10 09:03:10.252393,224.32,0.71,163.00,0.90,180.51,77.55,50.02,
2021-08-10 09:03:10.255733,224.32,0.71,163.00,0.90,180.51,77.55,50.02,
2021-08-10 09:03:10.259692,224.32,0.71,163.00,0.90,180.51,77.55,50.02,
2021-08-10 09:03:10.263559,224.32,0.71,163.00,0.90,180.51,77.55,50.02,
2021-08-10 09:03:10.267502,224.32,0.71,163.00,0.90,180.51,77.55,50.02,
2021-08-10 09:03:10.271437,224.32,0.71,163.00,0.90,180.51,77.55,50.02,
2021-08-10 09:03:10.274779,224.32,0.71,163.00,0.90,180.51,77.55,50.02,
2021-08-10 09:03:10.278727,224.32,0.71,163.00,0.90,180.51,77.55,50.02,
2021-08-10 09:03:10.283374,224.32,0.71,163.00,0.90,180.51,77.55,50.02,
2021-08-10 09:03:10.286745,224.32,0.71,163.00,0.90,180.51,77.55,50.02,
2021-08-10 09:03:10.290440,224.32,0.71,163.00,0.90,180.51,77.55,50.02,
2021-08-10 09:03:10.294406,224.32,0.71,163.00,0.90,180.51,77.55,50.02,
2021-08-10 09:03:10.297693,224.32,0.71,163.00,0.90,180.51,77.55,50.02,
2021-08-10 09:03:10.301638,224.32,0.71,163.00,0.90,180.51,77.55,50.02,
2021-08-10 09:03:10.305552,224.32,0.71,163.00,0.90,180.51,77.55,50.02,
2021-08-10 09:03:10.309395,224.32,0.71,163.00,0.90,180.51,77.55,50.02,
2021-08-10 09:03:10.313442,224.32,0.71,163.00,0.90,180.51,77.55,50.02,
2021-08-10 09:03:10.316733,224.32,0.71,163.00,0.90,180.51,77.55,50.02,
2021-08-10 09:03:10.320679,224.32,0.71,163.00,0.90,180.51,77.55,50.02,
2021-08-10 09:03:10.324595,224.32,0.71,163.00,0.90,180.51,77.55,50.02,
2021-08-10 09:03:10.328535,224.32,0.71,163.00,0.90,180.51,77.55,50.02,
2021-08-10 09:03:10.332391,224.32,0.71,163.00,0.90,180.51,77.55,50.02,
2021-08-10 09:03:10.336659,224.32,0.71,163.00,0.90,180.51,77.55,50.02,
2021-08-10 09:03:10.339709,224.32,0.71,163.00,0.90,180.51,77.55,50.02,
2021-08-10 09:03:10.343660,224.32,0.71,163.00,0.90,180.51,77.55,50.02,
2021-08-10 09:03:10.347551,224.32,0.71,163.00,0.90,180.51,77.55,50.02,
2021-08-10 09:03:10.351523,224.32,0.71,163.00,0.90,180.51,77.55,50.02,
2021-08-10 09:03:10.355421,224.32,0.71,163.00,0.90,180.51,77.55,50.02,
2021-08-10 09:03:10.358796,224.32,0.71,163.00,0.90,180.51,77.55,50.02,
2021-08-10 09:03:10.362721,224.32,0.71,163.00,0.90,180.51,77.55,50.02,
2021-08-10 09:03:10.366601,224.32,0.71,163.00,0.90,180.51,77.55,50.02,
2021-08-10 09:03:10.370805,224.32,0.71,163.00,0.90,180.51,77.55,50.02,
2021-08-10 09:03:10.374463,224.32,0.71,163.00,0.90,180.51,77.55,50.02,
2021-08-10 09:03:10.378340,224.32,0.71,163.00,0.90,180.51,77.55,50.02,
2021-08-10 09:03:10.381694,224.32,0.71,163.00,0.90,180.51,77.55,50.02,
2021-08-10 09:03:10.385649,224.32,0.71,163.00,0.90,180.51,77.55,50.02,
2021-08-10 09:03:10.389572,224.32,0.71,163.00,0.90,180.51,77.55,50.02,
2021-08-10 09:03:10.393511,224.32,0.71,163.00,0.90,180.51,77.55,50.02,
2021-08-10 09:03:10.397433,224.32,0.71,163.00,0.90,180.51,77.55,50.02,
2021-08-10 09:03:10.401416,224.32,0.71,163.00,0.90,180.51,77.55,50.02,
2021-08-10 09:03:10.404746,224.32,0.71,163.00,0.90,180.51,77.55,50.02,
2021-08-10 09:03:10.408678,224.32,0.71,163.00,0.90,180.51,77.55,50.02,
2021-08-10 09:03:10.412547,224.32,0.71,163.00,0.90,180.51,77.55,50.02,
2021-08-10 09:03:10.416469,224.32,0.71,163.00,0.90,180.51,77.55,50.02,
2021-08-10 09:03:10.420406,224.32,0.71,163.00,0.90,180.51,77.55,50.02,
2021-08-10 09:03:10.423689,224.32,0.71,163.00,0.90,180.51,77.55,50.02,
2021-08-10 09:03:10.427676,224.32,0.71,163.00,0.90,180.51,77.55,50.02,
2021-08-10 09:03:10.431590,224.32,0.71,163.00,0.90,180.51,77.55,50.02,
2021-08-10 09:03:10.435533,224.32,0.71,163.00,0.90,180.51,77.55,50.02,
2021-08-10 09:03:10.439402,224.32,0.71,163.00,0.90,180.51,77.55,50.02,
2021-08-10 09:03:10.443443,224.32,0.71,163.00,0.90,180.51,77.55,50.02,
2021-08-10 09:03:10.446658,224.32,0.71,163.00,0.90,180.51,77.55,50.02,
2021-08-10 09:03:10.450643,224.32,0.71,163.00,0.90,180.51,77.55,50.02,
2021-08-10 09:03:10.454496,224.32,0.71,163.00,0.90,180.51,77.55,50.02,
2021-08-10 09:03:10.458471,224.32,0.71,163.00,0.90,180.51,77.55,50.02,
2021-08-10 09:03:10.462434,224.32,0.71,163.00,0.90,180.51,77.55,50.02,
2021-08-10 09:03:10.465716,224.32,0.71,163.00,0.90,180.51,77.55,50.02,
2021-08-10 09:03:10.469645,224.32,0.71,163.00,0.90,180.51,77.55,50.02,
2021-08-10 09:03:10.473560,224.32,0.71,163.00,0.90,180.51,77.55,50.02,
2021-08-10 09:03:10.477460,224.32,0.71,163.00,0.90,180.51,77.55,50.02,
2021-08-10 09:03:10.481540,224.32,0.71,163.00,0.90,180.51,77.55,50.02,
2021-08-10 09:03:10.485395,224.32,0.71,163.00,0.90,180.51,77.55,50.02,
2021-08-10 09:03:10.488703,224.32,0.71,163.00,0.90,180.51,77.55,50.02,
2021-08-10 09:03:10.492629,224.32,0.71,163.00,0.90,180.51,77.55,50.02,
2021-08-10 09:03:10.496575,224.32,0.71,163.00,0.90,180.51,77.55,50.02,
2021-08-10 09:03:10.500448,224.32,0.71,163.00,0.90,180.51,77.55,50.02,
2021-08-10 09:03:10.504422,224.32,0.71,163.00,0.90,180.51,77.55,50.02,
2021-08-10 09:03:10.507797,224.32,0.71,163.00,0.90,180.51,77.55,50.02,
2021-08-10 09:03:10.511693,224.32,0.71,163.00,0.90,180.51,77.55,50.02,
2021-08-10 09:03:10.515601,224.32,0.71,163.00,0.90,180.51,77.55,50.02,
2021-08-10 09:03:10.519572,224.36,0.71,164.00,0.91,180.82,76.15,50.02,
2021-08-10 09:03:10.523439,224.36,0.71,164.00,0.91,180.82,76.15,50.02,
2021-08-10 09:03:10.527410,224.36,0.71,164.00,0.91,180.82,76.15,50.02,
2021-08-10 09:03:10.530663,224.36,0.71,164.00,0.91,180.82,76.15,50.02,
2021-08-10 09:03:10.534675,224.36,0.71,164.00,0.91,180.82,76.15,50.02,
2021-08-10 09:03:10.538597,224.36,0.71,164.00,0.91,180.82,76.15,50.02,
2021-08-10 09:03:10.542548,224.36,0.71,164.00,0.91,180.82,76.15,50.02,
2021-08-10 09:03:10.546380,224.36,0.71,164.00,0.91,180.82,76.15,50.02,
2021-08-10 09:03:10.549769,224.36,0.71,164.00,0.91,180.82,76.15,50.02,
2021-08-10 09:03:10.553628,224.36,0.71,164.00,0.91,180.82,76.15,50.02,
2021-08-10 09:03:10.557642,224.36,0.71,164.00,0.91,180.82,76.15,50.02,
2021-08-10 09:03:10.561580,224.36,0.71,164.00,0.91,180.82,76.15,50.02,
2021-08-10 09:03:10.565460,224.36,0.71,164.00,0.91,180.82,76.15,50.02,
2021-08-10 09:03:10.569368,224.36,0.71,164.00,0.91,180.82,76.15,50.02,
2021-08-10 09:03:10.572719,224.36,0.71,164.00,0.91,180.82,76.15,50.02,
2021-08-10 09:03:10.576594,224.36,0.71,164.00,0.91,180.82,76.15,50.02,
2021-08-10 09:03:10.580616,224.36,0.71,164.00,0.91,180.82,76.15,50.02,
2021-08-10 09:03:10.584489,224.36,0.71,164.00,0.91,180.82,76.15,50.02,
2021-08-10 09:03:10.588420,224.36,0.71,164.00,0.91,180.82,76.15,50.02,
2021-08-10 09:03:10.591725,224.36,0.71,164.00,0.91,180.82,76.15,50.02,
2021-08-10 09:03:10.595664,224.36,0.71,164.00,0.91,180.82,76.15,50.02,
2021-08-10 09:03:10.599568,224.36,0.71,164.00,0.91,180.82,76.15,50.02,
2021-08-10 09:03:10.603628,224.36,0.71,164.00,0.91,180.82,76.15,50.02,
2021-08-10 09:03:10.607469,224.36,0.71,164.00,0.91,180.82,76.15,50.02,
2021-08-10 09:03:10.611409,224.36,0.71,164.00,0.91,180.82,76.15,50.02,
2021-08-10 09:03:10.615844,224.36,0.71,164.00,0.91,180.82,76.15,50.02,
2021-08-10 09:03:10.618799,224.36,0.71,164.00,0.91,180.82,76.15,50.02,
2021-08-10 09:03:10.622551,224.36,0.71,164.00,0.91,180.82,76.15,50.02,
2021-08-10 09:03:10.626511,224.36,0.71,164.00,0.91,180.82,76.15,50.02,
2021-08-10 09:03:10.634629,224.36,0.71,164.00,0.91,180.82,76.15,50.02,
2021-08-10 09:03:10.636427,224.36,0.71,164.00,0.91,180.82,76.15,50.02,
2021-08-10 09:03:10.638352,224.36,0.71,164.00,0.91,180.82,76.15,50.02,
2021-08-10 09:03:10.641656,224.36,0.71,164.00,0.91,180.82,76.15,50.02,
2021-08-10 09:03:10.645498,224.36,0.71,164.00,0.91,180.82,76.15,50.02,
2021-08-10 09:03:10.649410,224.36,0.71,164.00,0.91,180.82,76.15,50.02,
2021-08-10 09:03:10.653320,224.36,0.71,164.00,0.91,180.82,76.15,50.02,
2021-08-10 09:03:10.656641,224.36,0.71,164.00,0.91,180.82,76.15,50.02,
2021-08-10 09:03:10.660536,224.36,0.71,164.00,0.91,180.82,76.15,50.02,
2021-08-10 09:03:10.664466,224.36,0.71,164.00,0.91,180.82,76.15,50.02,
2021-08-10 09:03:10.668375,224.36,0.71,164.00,0.91,180.82,76.15,50.02,
2021-08-10 09:03:10.672483,224.36,0.71,164.00,0.91,180.82,76.15,50.02,
2021-08-10 09:03:10.675693,224.36,0.71,164.00,0.91,180.82,76.15,50.02,
2021-08-10 09:03:10.679596,224.36,0.71,164.00,0.91,180.82,76.15,50.02,
2021-08-10 09:03:10.683528,224.36,0.71,164.00,0.91,180.82,76.15,50.02,
2021-08-10 09:03:10.687403,224.36,0.71,164.00,0.91,180.82,76.15,50.02,
2021-08-10 09:03:10.691371,224.36,0.71,164.00,0.91,180.82,76.15,50.02,
2021-08-10 09:03:10.695290,224.36,0.71,164.00,0.91,180.82,76.15,50.02,
2021-08-10 09:03:10.698593,224.36,0.71,164.00,0.91,180.82,76.15,50.02,
2021-08-10 09:03:10.702610,224.36,0.71,164.00,0.91,180.82,76.15,50.02,
2021-08-10 09:03:10.706437,224.36,0.71,164.00,0.91,180.82,76.15,50.02,
2021-08-10 09:03:10.710377,224.36,0.71,164.00,0.91,180.82,76.15,50.02,
2021-08-10 09:03:10.714326,224.36,0.71,164.00,0.91,180.82,76.15,50.02,
2021-08-10 09:03:10.717623,224.36,0.71,164.00,0.91,180.82,76.15,50.02,
2021-08-10 09:03:10.721579,224.36,0.71,164.00,0.91,180.82,76.15,50.02,
2021-08-10 09:03:10.725533,224.36,0.71,164.00,0.91,180.82,76.15,50.02,
2021-08-10 09:03:10.729401,224.36,0.71,164.00,0.91,180.82,76.15,50.02,
2021-08-10 09:03:10.733359,224.36,0.71,164.00,0.91,180.82,76.15,50.02,
2021-08-10 09:03:10.737291,224.36,0.71,164.00,0.91,180.82,76.15,50.02,
2021-08-10 09:03:10.740596,224.36,0.71,164.00,0.91,180.82,76.15,50.02,
2021-08-10 09:03:10.744607,224.36,0.71,164.00,0.91,180.82,76.15,50.02,
2021-08-10 09:03:10.748443,224.36,0.71,164.00,0.91,180.82,76.15,50.02,
2021-08-10 09:03:10.752391,224.36,0.71,164.00,0.91,180.82,76.15,50.02,
2021-08-10 09:03:10.756419,224.36,0.71,164.00,0.91,180.82,76.15,50.02,
2021-08-10 09:03:10.759785,224.36,0.71,164.00,0.91,180.82,76.15,50.02,
2021-08-10 09:03:10.763750,224.36,0.71,164.00,0.91,180.82,76.15,50.02,
2021-08-10 09:03:10.767668,224.36,0.71,164.00,0.91,180.82,76.15,50.02,
2021-08-10 09:03:10.771438,224.36,0.71,164.00,0.91,180.82,76.15,50.02,
2021-08-10 09:03:10.775351,224.36,0.71,164.00,0.91,180.82,76.15,50.02,
2021-08-10 09:03:10.779300,224.36,0.71,164.00,0.91,180.82,76.15,50.02,
2021-08-10 09:03:10.782662,224.36,0.71,164.00,0.91,180.82,76.15,50.02,
2021-08-10 09:03:10.786583,224.36,0.71,164.00,0.91,180.82,76.15,50.02,
2021-08-10 09:03:10.790494,224.36,0.71,164.00,0.91,180.82,76.15,50.02,
2021-08-10 09:03:10.794419,224.36,0.71,164.00,0.91,180.82,76.15,50.02,
2021-08-10 09:03:10.798304,224.36,0.71,164.00,0.91,180.82,76.15,50.02,
2021-08-10 09:03:10.801711,224.36,0.71,164.00,0.91,180.82,76.15,50.02,
2021-08-10 09:03:10.805591,224.36,0.71,164.00,0.91,180.82,76.15,50.02,
2021-08-10 09:03:10.809498,224.36,0.71,164.00,0.91,180.82,76.15,50.02,
2021-08-10 09:03:10.813474,224.36,0.71,164.00,0.91,180.82,76.15,50.02,
2021-08-10 09:03:10.817374,224.36,0.71,164.00,0.91,180.82,76.15,50.02,
2021-08-10 09:03:10.821286,224.36,0.71,164.00,0.91,180.82,76.15,50.02,
2021-08-10 09:03:10.824659,224.36,0.71,164.00,0.91,180.82,76.15,50.02,
2021-08-10 09:03:10.828552,224.36,0.71,164.00,0.91,180.82,76.15,50.02,
2021-08-10 09:03:10.832466,224.36,0.71,164.00,0.91,180.82,76.15,50.02,
2021-08-10 09:03:10.836547,224.36,0.71,164.00,0.91,180.82,76.15,50.02,
2021-08-10 09:03:10.840379,224.35,0.70,164.00,0.91,180.42,75.20,50.02,
2021-08-10 09:03:10.843848,224.35,0.70,164.00,0.91,180.42,75.20,50.02,
2021-08-10 09:03:10.847605,224.35,0.70,164.00,0.91,180.42,75.20,50.02,
2021-08-10 09:03:10.851512,224.35,0.70,164.00,0.91,180.42,75.20,50.02,
2021-08-10 09:03:10.855470,224.35,0.70,164.00,0.91,180.42,75.20,50.02,
2021-08-10 09:03:10.859563,224.35,0.70,164.00,0.91,180.42,75.20,50.02,
2021-08-10 09:03:10.863387,224.35,0.70,164.00,0.91,180.42,75.20,50.02,
2021-08-10 09:03:10.866755,224.35,0.70,164.00,0.91,180.42,75.20,50.02,
2021-08-10 09:03:10.870712,224.35,0.70,164.00,0.91,180.42,75.20,50.02,
2021-08-10 09:03:10.874579,224.35,0.70,164.00,0.91,180.42,75.20,50.02,
2021-08-10 09:03:10.878460,224.35,0.70,164.00,0.91,180.42,75.20,50.02,
2021-08-10 09:03:10.882332,224.35,0.70,164.00,0.91,180.42,75.20,50.02,
2021-08-10 09:03:10.885704,224.35,0.70,164.00,0.91,180.42,75.20,50.02,
2021-08-10 09:03:10.889634,224.35,0.70,164.00,0.91,180.42,75.20,50.02,
2021-08-10 09:03:10.893546,224.35,0.70,164.00,0.91,180.42,75.20,50.02,
2021-08-10 09:03:10.897443,224.35,0.70,164.00,0.91,180.42,75.20,50.02,
2021-08-10 09:03:10.901375,224.35,0.70,164.00,0.91,180.42,75.20,50.02,
2021-08-10 09:03:10.905341,224.35,0.70,164.00,0.91,180.42,75.20,50.02,
2021-08-10 09:03:10.908646,224.35,0.70,164.00,0.91,180.42,75.20,50.02,
2021-08-10 09:03:10.912602,224.35,0.70,164.00,0.91,180.42,75.20,50.02,
2021-08-10 09:03:10.916529,224.35,0.70,164.00,0.91,180.42,75.20,50.02,
2021-08-10 09:03:10.920424,224.35,0.70,164.00,0.91,180.42,75.20,50.02,
2021-08-10 09:03:10.924339,224.35,0.70,164.00,0.91,180.42,75.20,50.02,
2021-08-10 09:03:10.928339,224.35,0.70,164.00,0.91,180.42,75.20,50.02,
2021-08-10 09:03:10.931629,224.35,0.70,164.00,0.91,180.42,75.20,50.02,
2021-08-10 09:03:10.935555,224.35,0.70,164.00,0.91,180.42,75.20,50.02,
2021-08-10 09:03:10.939496,224.35,0.70,164.00,0.91,180.42,75.20,50.02,
2021-08-10 09:03:10.943405,224.35,0.70,164.00,0.91,180.42,75.20,50.02,
2021-08-10 09:03:10.947299,224.35,0.70,164.00,0.91,180.42,75.20,50.02,
2021-08-10 09:03:10.950640,224.35,0.70,164.00,0.91,180.42,75.20,50.02,
2021-08-10 09:03:10.954590,224.35,0.70,164.00,0.91,180.42,75.20,50.02,
2021-08-10 09:03:10.958519,224.35,0.70,164.00,0.91,180.42,75.20,50.02,
2021-08-10 09:03:10.962477,224.35,0.70,164.00,0.91,180.42,75.20,50.02,
2021-08-10 09:03:10.966374,224.35,0.70,164.00,0.91,180.42,75.20,50.02,
2021-08-10 09:03:10.969716,224.35,0.70,164.00,0.91,180.42,75.20,50.02,
2021-08-10 09:03:10.973624,224.35,0.70,164.00,0.91,180.42,75.20,50.02,
2021-08-10 09:03:10.977548,224.35,0.70,164.00,0.91,180.42,75.20,50.02,
2021-08-10 09:03:10.981495,224.35,0.70,164.00,0.91,180.42,75.20,50.02,
2021-08-10 09:03:10.985435,224.35,0.70,164.00,0.91,180.42,75.20,50.02,
2021-08-10 09:03:10.989507,224.35,0.70,164.00,0.91,180.42,75.20,50.02,
2021-08-10 09:03:10.992704,224.35,0.70,164.00,0.91,180.42,75.20,50.02,
2021-08-10 09:03:10.996581,224.35,0.70,164.00,0.91,180.42,75.20,50.02,
2021-08-10 09:03:11.000514,224.35,0.70,164.00,0.91,180.42,75.20,50.02,
2021-08-10 09:03:11.004472,224.35,0.70,164.00,0.91,180.42,75.20,50.02,
2021-08-10 09:03:11.008401,224.35,0.70,164.00,0.91,180.42,75.20,50.02,
2021-08-10 09:03:11.012328,224.35,0.70,164.00,0.91,180.42,75.20,50.02,
2021-08-10 09:03:11.015626,224.35,0.70,164.00,0.91,180.42,75.20,50.02,
2021-08-10 09:03:11.019561,224.35,0.70,164.00,0.91,180.42,75.20,50.02,
2021-08-10 09:03:11.023522,224.35,0.70,164.00,0.91,180.42,75.20,50.02,
2021-08-10 09:03:11.027409,224.35,0.70,164.00,0.91,180.42,75.20,50.02,
2021-08-10 09:03:11.031353,224.35,0.70,164.00,0.91,180.42,75.20,50.02,
2021-08-10 09:03:11.034646,224.35,0.70,164.00,0.91,180.42,75.20,50.02,
2021-08-10 09:03:11.038591,224.35,0.70,164.00,0.91,180.42,75.20,50.02,
2021-08-10 09:03:11.042542,224.35,0.70,164.00,0.91,180.42,75.20,50.02,
2021-08-10 09:03:11.046475,224.35,0.70,164.00,0.91,180.42,75.20,50.02,
2021-08-10 09:03:11.050369,224.35,0.70,164.00,0.91,180.42,75.20,50.02,
2021-08-10 09:03:11.054317,224.35,0.70,164.00,0.91,180.42,75.20,50.02,
2021-08-10 09:03:11.057616,224.35,0.70,164.00,0.91,180.42,75.20,50.02,
2021-08-10 09:03:11.061563,224.35,0.70,164.00,0.91,180.42,75.20,50.02,
2021-08-10 09:03:11.065588,224.35,0.70,164.00,0.91,180.42,75.20,50.02,
2021-08-10 09:03:11.069452,224.35,0.70,164.00,0.91,180.42,75.20,50.02,
2021-08-10 09:03:11.073354,224.35,0.70,164.00,0.91,180.42,75.20,50.02,
2021-08-10 09:03:11.076694,224.35,0.70,164.00,0.91,180.42,75.20,50.02,
2021-08-10 09:03:11.080587,224.35,0.70,164.00,0.91,180.42,75.20,50.02,
2021-08-10 09:03:11.084540,224.35,0.70,164.00,0.91,180.42,75.20,50.02,
2021-08-10 09:03:11.088467,224.35,0.70,164.00,0.91,180.42,75.20,50.02,
2021-08-10 09:03:11.092509,224.35,0.70,164.00,0.91,180.42,75.20,50.02,
2021-08-10 09:03:11.096325,224.35,0.70,164.00,0.91,180.42,75.20,50.02,
2021-08-10 09:03:11.099668,224.35,0.70,164.00,0.91,180.42,75.20,50.02,
2021-08-10 09:03:11.103569,224.35,0.70,164.00,0.91,180.42,75.20,50.02,
2021-08-10 09:03:11.107505,224.35,0.70,164.00,0.91,180.42,75.20,50.02,
2021-08-10 09:03:11.111451,224.35,0.70,164.00,0.91,180.42,75.20,50.02,
2021-08-10 09:03:11.115383,224.35,0.70,164.00,0.91,180.42,75.20,50.02,
2021-08-10 09:03:11.118687,224.35,0.70,164.00,0.91,180.42,75.20,50.02,
2021-08-10 09:03:11.122615,224.35,0.70,164.00,0.91,180.42,75.20,50.02,
2021-08-10 09:03:11.126542,224.35,0.70,164.00,0.91,180.42,75.20,50.02,
2021-08-10 09:03:11.130477,224.35,0.70,164.00,0.91,180.42,75.20,50.02,
2021-08-10 09:03:11.134443,224.35,0.70,164.00,0.91,180.42,75.20,50.02,
2021-08-10 09:03:11.138327,224.35,0.70,164.00,0.91,180.42,75.20,50.02,
2021-08-10 09:03:11.141685,224.35,0.70,164.00,0.91,180.42,75.20,50.02,
2021-08-10 09:03:11.145564,224.35,0.70,164.00,0.91,180.42,75.20,50.02,
2021-08-10 09:03:11.149499,224.35,0.70,164.00,0.91,180.42,75.20,50.02,
2021-08-10 09:03:11.153449,224.35,0.70,164.00,0.91,180.42,75.20,50.02,
2021-08-10 09:03:11.157391,224.35,0.70,164.00,0.91,180.42,75.20,50.02,
2021-08-10 09:03:11.160722,224.19,0.70,162.00,0.90,179.40,77.08,50.02,
2021-08-10 09:03:11.164641,224.19,0.70,162.00,0.90,179.40,77.08,50.02,
2021-08-10 09:03:11.168536,224.19,0.70,162.00,0.90,179.40,77.08,50.02,
2021-08-10 09:03:11.172491,224.19,0.70,162.00,0.90,179.40,77.08,50.02,
2021-08-10 09:03:11.176410,224.19,0.70,162.00,0.90,179.40,77.08,50.02,
2021-08-10 09:03:11.180352,224.19,0.70,162.00,0.90,179.40,77.08,50.02,
2021-08-10 09:03:11.183696,224.19,0.70,162.00,0.90,179.40,77.08,50.02,
2021-08-10 09:03:11.187597,224.19,0.70,162.00,0.90,179.40,77.08,50.02,
2021-08-10 09:03:11.191506,224.19,0.70,162.00,0.90,179.40,77.08,50.02,
2021-08-10 09:03:11.195438,224.19,0.70,162.00,0.90,179.40,77.08,50.02,
2021-08-10 09:03:11.199376,224.19,0.70,162.00,0.90,179.40,77.08,50.02,
2021-08-10 09:03:11.202688,224.19,0.70,162.00,0.90,179.40,77.08,50.02,
2021-08-10 09:03:11.206653,224.19,0.70,162.00,0.90,179.40,77.08,50.02,
2021-08-10 09:03:11.210593,224.19,0.70,162.00,0.90,179.40,77.08,50.02,
2021-08-10 09:03:11.214506,224.19,0.70,162.00,0.90,179.40,77.08,50.02,
2021-08-10 09:03:11.218706,224.19,0.70,162.00,0.90,179.40,77.08,50.02,
2021-08-10 09:03:11.222390,224.19,0.70,162.00,0.90,179.40,77.08,50.02,
2021-08-10 09:03:11.225660,224.19,0.70,162.00,0.90,179.40,77.08,50.02,
2021-08-10 09:03:11.229626,224.19,0.70,162.00,0.90,179.40,77.08,50.02,
2021-08-10 09:03:11.233524,224.19,0.70,162.00,0.90,179.40,77.08,50.02,
2021-08-10 09:03:11.237455,224.19,0.70,162.00,0.90,179.40,77.08,50.02,
2021-08-10 09:03:11.241410,224.19,0.70,162.00,0.90,179.40,77.08,50.02,
2021-08-10 09:03:11.244699,224.19,0.70,162.00,0.90,179.40,77.08,50.02,
2021-08-10 09:03:11.248677,224.19,0.70,162.00,0.90,179.40,77.08,50.02,
2021-08-10 09:03:11.252559,224.19,0.70,162.00,0.90,179.40,77.08,50.02,
2021-08-10 09:03:11.256485,224.19,0.70,162.00,0.90,179.40,77.08,50.02,
2021-08-10 09:03:11.260433,224.19,0.70,162.00,0.90,179.40,77.08,50.02,
2021-08-10 09:03:11.264378,224.19,0.70,162.00,0.90,179.40,77.08,50.02,
2021-08-10 09:03:11.267751,224.19,0.70,162.00,0.90,179.40,77.08,50.02,
2021-08-10 09:03:11.271632,224.19,0.70,162.00,0.90,179.40,77.08,50.02,
2021-08-10 09:03:11.275523,224.19,0.70,162.00,0.90,179.40,77.08,50.02,
2021-08-10 09:03:11.279459,224.19,0.70,162.00,0.90,179.40,77.08,50.02,
2021-08-10 09:03:11.283415,224.19,0.70,162.00,0.90,179.40,77.08,50.02,
2021-08-10 09:03:11.286763,224.19,0.70,162.00,0.90,179.40,77.08,50.02,
2021-08-10 09:03:11.291269,224.19,0.70,162.00,0.90,179.40,77.08,50.02,
2021-08-10 09:03:11.295021,224.19,0.70,162.00,0.90,179.40,77.08,50.02,
2021-08-10 09:03:11.298743,224.19,0.70,162.00,0.90,179.40,77.08,50.02,
2021-08-10 09:03:11.302713,224.19,0.70,162.00,0.90,179.40,77.08,50.02,
2021-08-10 09:03:11.306650,224.19,0.70,162.00,0.90,179.40,77.08,50.02,
2021-08-10 09:03:11.310187,224.19,0.70,162.00,0.90,179.40,77.08,50.02,
2021-08-10 09:03:11.314087,224.19,0.70,162.00,0.90,179.40,77.08,50.02,
2021-08-10 09:03:11.317825,224.19,0.70,162.00,0.90,179.40,77.08,50.02,
2021-08-10 09:03:11.321696,224.19,0.70,162.00,0.90,179.40,77.08,50.02,
2021-08-10 09:03:11.325568,224.19,0.70,162.00,0.90,179.40,77.08,50.02,
2021-08-10 09:03:11.329145,224.19,0.70,162.00,0.90,179.40,77.08,50.02,
2021-08-10 09:03:11.332993,224.19,0.70,162.00,0.90,179.40,77.08,50.02,
2021-08-10 09:03:11.336920,224.19,0.70,162.00,0.90,179.40,77.08,50.02,
2021-08-10 09:03:11.340757,224.19,0.70,162.00,0.90,179.40,77.08,50.02,
2021-08-10 09:03:11.344629,224.19,0.70,162.00,0.90,179.40,77.08,50.02,
2021-08-10 09:03:11.348508,224.19,0.70,162.00,0.90,179.40,77.08,50.02,
2021-08-10 09:03:11.352115,224.19,0.70,162.00,0.90,179.40,77.08,50.02,
2021-08-10 09:03:11.355981,224.19,0.70,162.00,0.90,179.40,77.08,50.02,
2021-08-10 09:03:11.359879,224.19,0.70,162.00,0.90,179.40,77.08,50.02,
2021-08-10 09:03:11.363683,224.19,0.70,162.00,0.90,179.40,77.08,50.02,
2021-08-10 09:03:11.367566,224.19,0.70,162.00,0.90,179.40,77.08,50.02,
2021-08-10 09:03:11.371219,224.19,0.70,162.00,0.90,179.40,77.08,50.02,
2021-08-10 09:03:11.375029,224.19,0.70,162.00,0.90,179.40,77.08,50.02,
2021-08-10 09:03:11.378920,224.19,0.70,162.00,0.90,179.40,77.08,50.02,
2021-08-10 09:03:11.382826,224.19,0.70,162.00,0.90,179.40,77.08,50.02,
2021-08-10 09:03:11.386613,224.19,0.70,162.00,0.90,179.40,77.08,50.02,
2021-08-10 09:03:11.390513,224.19,0.70,162.00,0.90,179.40,77.08,50.02,
2021-08-10 09:03:11.393710,224.19,0.70,162.00,0.90,179.40,77.08,50.02,
2021-08-10 09:03:11.397643,224.19,0.70,162.00,0.90,179.40,77.08,50.02,
2021-08-10 09:03:11.401578,224.19,0.70,162.00,0.90,179.40,77.08,50.02,
2021-08-10 09:03:11.405510,224.19,0.70,162.00,0.90,179.40,77.08,50.02,
2021-08-10 09:03:11.409419,224.19,0.70,162.00,0.90,179.40,77.08,50.02,
2021-08-10 09:03:11.412764,224.19,0.70,162.00,0.90,179.40,77.08,50.02,
2021-08-10 09:03:11.416698,224.19,0.70,162.00,0.90,179.40,77.08,50.02,
2021-08-10 09:03:11.420599,224.19,0.70,162.00,0.90,179.40,77.08,50.02,
2021-08-10 09:03:11.424510,224.19,0.70,162.00,0.90,179.40,77.08,50.02,
2021-08-10 09:03:11.428568,224.19,0.70,162.00,0.90,179.40,77.08,50.02,
2021-08-10 09:03:11.432530,224.19,0.70,162.00,0.90,179.40,77.08,50.02,
2021-08-10 09:03:11.435781,224.19,0.70,162.00,0.90,179.40,77.08,50.02,
2021-08-10 09:03:11.439681,224.19,0.70,162.00,0.90,179.40,77.08,50.02,
2021-08-10 09:03:11.443593,224.19,0.70,162.00,0.90,179.40,77.08,50.02,
2021-08-10 09:03:11.447513,224.19,0.70,162.00,0.90,179.40,77.08,50.02,
2021-08-10 09:03:11.451480,224.19,0.70,162.00,0.90,179.40,77.08,50.02,
2021-08-10 09:03:11.454765,224.19,0.70,162.00,0.90,179.40,77.08,50.02,
2021-08-10 09:03:11.458676,224.19,0.70,162.00,0.90,179.40,77.08,50.02,
2021-08-10 09:03:11.462639,224.19,0.70,162.00,0.90,179.40,77.08,50.02,
2021-08-10 09:03:11.466557,224.19,0.70,162.00,0.90,179.40,77.08,50.02,
2021-08-10 09:03:11.470504,224.19,0.70,162.00,0.90,179.40,77.08,50.02,
2021-08-10 09:03:11.474381,224.19,0.70,162.00,0.90,179.40,77.08,50.02,
2021-08-10 09:03:11.477743,224.23,0.70,163.00,0.91,179.91,76.15,50.02,
2021-08-10 09:03:11.481667,224.23,0.70,163.00,0.91,179.91,76.15,50.02,
2021-08-10 09:03:11.485593,224.23,0.70,163.00,0.91,179.91,76.15,50.02,
2021-08-10 09:03:11.489533,224.23,0.70,163.00,0.91,179.91,76.15,50.02,
2021-08-10 09:03:11.493447,224.23,0.70,163.00,0.91,179.91,76.15,50.02,
2021-08-10 09:03:11.496786,224.23,0.70,163.00,0.91,179.91,76.15,50.02,
2021-08-10 09:03:11.500683,224.23,0.70,163.00,0.91,179.91,76.15,50.02,
2021-08-10 09:03:11.504674,224.23,0.70,163.00,0.91,179.91,76.15,50.02,
2021-08-10 09:03:11.508565,224.23,0.70,163.00,0.91,179.91,76.15,50.02,
2021-08-10 09:03:11.512470,224.23,0.70,163.00,0.91,179.91,76.15,50.02,
2021-08-10 09:03:11.516437,224.23,0.70,163.00,0.91,179.91,76.15,50.02,
2021-08-10 09:03:11.519741,224.23,0.70,163.00,0.91,179.91,76.15,50.02,
2021-08-10 09:03:11.523690,224.23,0.70,163.00,0.91,179.91,76.15,50.02,
2021-08-10 09:03:11.527660,224.23,0.70,163.00,0.91,179.91,76.15,50.02,
2021-08-10 09:03:11.531584,224.23,0.70,163.00,0.91,179.91,76.15,50.02,
2021-08-10 09:03:11.535430,224.23,0.70,163.00,0.91,179.91,76.15,50.02,
2021-08-10 09:03:11.539405,224.23,0.70,163.00,0.91,179.91,76.15,50.02,
2021-08-10 09:03:11.542720,224.23,0.70,163.00,0.91,179.91,76.15,50.02,
2021-08-10 09:03:11.546653,224.23,0.70,163.00,0.91,179.91,76.15,50.02,
2021-08-10 09:03:11.550548,224.23,0.70,163.00,0.91,179.91,76.15,50.02,
2021-08-10 09:03:11.554504,224.23,0.70,163.00,0.91,179.91,76.15,50.02,
2021-08-10 09:03:11.558397,224.23,0.70,163.00,0.91,179.91,76.15,50.02,
2021-08-10 09:03:11.561754,224.23,0.70,163.00,0.91,179.91,76.15,50.02,
2021-08-10 09:03:11.565679,224.23,0.70,163.00,0.91,179.91,76.15,50.02,
2021-08-10 09:03:11.569621,224.23,0.70,163.00,0.91,179.91,76.15,50.02,
2021-08-10 09:03:11.573542,224.23,0.70,163.00,0.91,179.91,76.15,50.02,
2021-08-10 09:03:11.577467,224.23,0.70,163.00,0.91,179.91,76.15,50.02,
2021-08-10 09:03:11.581420,224.23,0.70,163.00,0.91,179.91,76.15,50.02,
2021-08-10 09:03:11.584707,224.23,0.70,163.00,0.91,179.91,76.15,50.02,
2021-08-10 09:03:11.588639,224.23,0.70,163.00,0.91,179.91,76.15,50.02,
2021-08-10 09:03:11.592597,224.23,0.70,163.00,0.91,179.91,76.15,50.02,
2021-08-10 09:03:11.596494,224.23,0.70,163.00,0.91,179.91,76.15,50.02,
2021-08-10 09:03:11.600432,224.23,0.70,163.00,0.91,179.91,76.15,50.02,
2021-08-10 09:03:11.603742,224.23,0.70,163.00,0.91,179.91,76.15,50.02,
2021-08-10 09:03:11.607679,224.23,0.70,163.00,0.91,179.91,76.15,50.02,
2021-08-10 09:03:11.611637,224.23,0.70,163.00,0.91,179.91,76.15,50.02,
2021-08-10 09:03:11.615555,224.23,0.70,163.00,0.91,179.91,76.15,50.02,
2021-08-10 09:03:11.619456,224.23,0.70,163.00,0.91,179.91,76.15,50.02,
2021-08-10 09:03:11.623431,224.23,0.70,163.00,0.91,179.91,76.15,50.02,
2021-08-10 09:03:11.626734,224.23,0.70,163.00,0.91,179.91,76.15,50.02,
2021-08-10 09:03:11.630662,224.23,0.70,163.00,0.91,179.91,76.15,50.02,
2021-08-10 09:03:11.634581,224.23,0.70,163.00,0.91,179.91,76.15,50.02,
2021-08-10 09:03:11.638510,224.23,0.70,163.00,0.91,179.91,76.15,50.02,
2021-08-10 09:03:11.642460,224.23,0.70,163.00,0.91,179.91,76.15,50.02,
2021-08-10 09:03:11.645777,224.23,0.70,163.00,0.91,179.91,76.15,50.02,
2021-08-10 09:03:11.649730,224.23,0.70,163.00,0.91,179.91,76.15,50.02,
2021-08-10 09:03:11.653649,224.23,0.70,163.00,0.91,179.91,76.15,50.02,
2021-08-10 09:03:11.657539,224.23,0.70,163.00,0.91,179.91,76.15,50.02,
2021-08-10 09:03:11.661492,224.23,0.70,163.00,0.91,179.91,76.15,50.02,
2021-08-10 09:03:11.665421,224.23,0.70,163.00,0.91,179.91,76.15,50.02,
2021-08-10 09:03:11.668723,224.23,0.70,163.00,0.91,179.91,76.15,50.02,
2021-08-10 09:03:11.672685,224.23,0.70,163.00,0.91,179.91,76.15,50.02,
2021-08-10 09:03:11.676570,224.23,0.70,163.00,0.91,179.91,76.15,50.02,
2021-08-10 09:03:11.680510,224.23,0.70,163.00,0.91,179.91,76.15,50.02,
2021-08-10 09:03:11.684457,224.23,0.70,163.00,0.91,179.91,76.15,50.02,
2021-08-10 09:03:11.687752,224.23,0.70,163.00,0.91,179.91,76.15,50.02,
2021-08-10 09:03:11.691704,224.23,0.70,163.00,0.91,179.91,76.15,50.02,
2021-08-10 09:03:11.695637,224.23,0.70,163.00,0.91,179.91,76.15,50.02,
2021-08-10 09:03:11.699533,224.23,0.70,163.00,0.91,179.91,76.15,50.02,
2021-08-10 09:03:11.703507,224.23,0.70,163.00,0.91,179.91,76.15,50.02,
2021-08-10 09:03:11.707429,224.23,0.70,163.00,0.91,179.91,76.15,50.02,
2021-08-10 09:03:11.710720,224.23,0.70,163.00,0.91,179.91,76.15,50.02,
2021-08-10 09:03:11.714675,224.23,0.70,163.00,0.91,179.91,76.15,50.02,
2021-08-10 09:03:11.718606,224.23,0.70,163.00,0.91,179.91,76.15,50.02,
2021-08-10 09:03:11.722607,224.23,0.70,163.00,0.91,179.91,76.15,50.02,
2021-08-10 09:03:11.726451,224.23,0.70,163.00,0.91,179.91,76.15,50.02,
2021-08-10 09:03:11.729755,224.23,0.70,163.00,0.91,179.91,76.15,50.02,
2021-08-10 09:03:11.757543,224.23,0.70,163.00,0.91,179.91,76.15,50.02,
2021-08-10 09:03:11.759451,224.23,0.70,163.00,0.91,179.91,76.15,50.02,
2021-08-10 09:03:11.761260,224.23,0.70,163.00,0.91,179.91,76.15,50.02,
2021-08-10 09:03:11.763018,224.23,0.70,163.00,0.91,179.91,76.15,50.02,
2021-08-10 09:03:11.764769,224.23,0.70,163.00,0.91,179.91,76.15,50.02,
2021-08-10 09:03:11.766607,224.23,0.70,163.00,0.91,179.91,76.15,50.02,
2021-08-10 09:03:11.768363,224.23,0.70,163.00,0.91,179.91,76.15,50.02,
2021-08-10 09:03:11.770113,224.23,0.70,163.00,0.91,179.91,76.15,50.02,
2021-08-10 09:03:11.771902,224.23,0.70,163.00,0.91,179.91,76.15,50.02,
2021-08-10 09:03:11.773659,224.23,0.70,163.00,0.91,179.91,76.15,50.02,
2021-08-10 09:03:11.775412,224.23,0.70,163.00,0.91,179.91,76.15,50.02,
2021-08-10 09:03:11.777163,224.23,0.70,163.00,0.91,179.91,76.15,50.02,
2021-08-10 09:03:11.779651,224.23,0.70,163.00,0.91,179.91,76.15,50.02,
2021-08-10 09:03:11.783563,224.23,0.70,163.00,0.91,179.91,76.15,50.02,
2021-08-10 09:03:11.787482,224.23,0.70,163.00,0.91,179.91,76.15,50.02,
2021-08-10 09:03:11.791439,224.23,0.70,163.00,0.91,179.91,76.15,50.02,
2021-08-10 09:03:11.794733,224.23,0.70,163.00,0.91,179.91,76.15,50.02,
2021-08-10 09:03:11.798703,224.23,0.70,163.00,0.91,179.52,75.21,50.02,
2021-08-10 09:03:11.802623,224.23,0.70,163.00,0.91,179.52,75.21,50.02,
2021-08-10 09:03:11.806508,224.23,0.70,163.00,0.91,179.52,75.21,50.02,
2021-08-10 09:03:11.810448,224.23,0.70,163.00,0.91,179.52,75.21,50.02,
2021-08-10 09:03:11.813799,224.23,0.70,163.00,0.91,179.52,75.21,50.02,
2021-08-10 09:03:11.817696,224.23,0.70,163.00,0.91,179.52,75.21,50.02,
2021-08-10 09:03:11.821689,224.23,0.70,163.00,0.91,179.52,75.21,50.02,
2021-08-10 09:03:11.825582,224.23,0.70,163.00,0.91,179.52,75.21,50.02,
2021-08-10 09:03:11.829477,224.23,0.70,163.00,0.91,179.52,75.21,50.02,
2021-08-10 09:03:11.833427,224.23,0.70,163.00,0.91,179.52,75.21,50.02,
2021-08-10 09:03:11.836761,224.23,0.70,163.00,0.91,179.52,75.21,50.02,
2021-08-10 09:03:11.840665,224.23,0.70,163.00,0.91,179.52,75.21,50.02,
2021-08-10 09:03:11.844660,224.23,0.70,163.00,0.91,179.52,75.21,50.02,
2021-08-10 09:03:11.848516,224.23,0.70,163.00,0.91,179.52,75.21,50.02,
2021-08-10 09:03:11.852473,224.23,0.70,163.00,0.91,179.52,75.21,50.02,
2021-08-10 09:03:11.855800,224.23,0.70,163.00,0.91,179.52,75.21,50.02,
2021-08-10 09:03:11.859704,224.23,0.70,163.00,0.91,179.52,75.21,50.02,
2021-08-10 09:03:11.863687,224.23,0.70,163.00,0.91,179.52,75.21,50.02,
2021-08-10 09:03:11.867589,224.23,0.70,163.00,0.91,179.52,75.21,50.02,
2021-08-10 09:03:11.871524,224.23,0.70,163.00,0.91,179.52,75.21,50.02,
2021-08-10 09:03:11.875429,224.23,0.70,163.00,0.91,179.52,75.21,50.02,
2021-08-10 09:03:11.878769,224.23,0.70,163.00,0.91,179.52,75.21,50.02,
2021-08-10 09:03:11.882678,224.23,0.70,163.00,0.91,179.52,75.21,50.02,
2021-08-10 09:03:11.886644,224.23,0.70,163.00,0.91,179.52,75.21,50.02,
2021-08-10 09:03:11.890555,224.23,0.70,163.00,0.91,179.52,75.21,50.02,
2021-08-10 09:03:11.894468,224.23,0.70,163.00,0.91,179.52,75.21,50.02,
2021-08-10 09:03:11.897838,224.23,0.70,163.00,0.91,179.52,75.21,50.02,
2021-08-10 09:03:11.901779,224.23,0.70,163.00,0.91,179.52,75.21,50.02,
2021-08-10 09:03:11.905628,224.23,0.70,163.00,0.91,179.52,75.21,50.02,
2021-08-10 09:03:11.909578,224.23,0.70,163.00,0.91,179.52,75.21,50.02,
2021-08-10 09:03:11.913555,224.23,0.70,163.00,0.91,179.52,75.21,50.02,
2021-08-10 09:03:11.917459,224.23,0.70,163.00,0.91,179.52,75.21,50.02,
2021-08-10 09:03:11.920793,224.23,0.70,163.00,0.91,179.52,75.21,50.02,
2021-08-10 09:03:11.924745,224.23,0.70,163.00,0.91,179.52,75.21,50.02,
2021-08-10 09:03:11.928607,224.23,0.70,163.00,0.91,179.52,75.21,50.02,
2021-08-10 09:03:11.932578,224.23,0.70,163.00,0.91,179.52,75.21,50.02,
2021-08-10 09:03:11.936520,224.23,0.70,163.00,0.91,179.52,75.21,50.02,
2021-08-10 09:03:11.939957,224.23,0.70,163.00,0.91,179.52,75.21,50.02,
2021-08-10 09:03:11.943785,224.23,0.70,163.00,0.91,179.52,75.21,50.02,
2021-08-10 09:03:11.947713,224.23,0.70,163.00,0.91,179.52,75.21,50.02,
2021-08-10 09:03:11.951601,224.23,0.70,163.00,0.91,179.52,75.21,50.02,
2021-08-10 09:03:11.955521,224.23,0.70,163.00,0.91,179.52,75.21,50.02,
2021-08-10 09:03:11.959464,224.23,0.70,163.00,0.91,179.52,75.21,50.02,
2021-08-10 09:03:11.962807,224.23,0.70,163.00,0.91,179.52,75.21,50.02,
2021-08-10 09:03:11.966745,224.23,0.70,163.00,0.91,179.52,75.21,50.02,
2021-08-10 09:03:11.970643,224.23,0.70,163.00,0.91,179.52,75.21,50.02,
2021-08-10 09:03:11.974585,224.23,0.70,163.00,0.91,179.52,75.21,50.02,
2021-08-10 09:03:11.978528,224.23,0.70,163.00,0.91,179.52,75.21,50.02,
2021-08-10 09:03:11.981843,224.23,0.70,163.00,0.91,179.52,75.21,50.02,
2021-08-10 09:03:11.985839,224.23,0.70,163.00,0.91,179.52,75.21,50.02,
2021-08-10 09:03:11.989725,224.23,0.70,163.00,0.91,179.52,75.21,50.02,
2021-08-10 09:03:11.993675,224.23,0.70,163.00,0.91,179.52,75.21,50.02,
2021-08-10 09:03:11.997532,224.23,0.70,163.00,0.91,179.52,75.21,50.02,
2021-08-10 09:03:12.001524,224.23,0.70,163.00,0.91,179.52,75.21,50.02,
2021-08-10 09:03:12.004797,224.23,0.70,163.00,0.91,179.52,75.21,50.02,
2021-08-10 09:03:12.008738,224.23,0.70,163.00,0.91,179.52,75.21,50.02,
2021-08-10 09:03:12.012704,224.23,0.70,163.00,0.91,179.52,75.21,50.02,
2021-08-10 09:03:12.016616,224.23,0.70,163.00,0.91,179.52,75.21,50.02,
2021-08-10 09:03:12.020558,224.23,0.70,163.00,0.91,179.52,75.21,50.02,
2021-08-10 09:03:12.023878,224.23,0.70,163.00,0.91,179.52,75.21,50.02,
2021-08-10 09:03:12.027759,224.23,0.70,163.00,0.91,179.52,75.21,50.02,
2021-08-10 09:03:12.031716,224.23,0.70,163.00,0.91,179.52,75.21,50.02,
2021-08-10 09:03:12.035635,224.23,0.70,163.00,0.91,179.52,75.21,50.02,
2021-08-10 09:03:12.039580,224.23,0.70,163.00,0.91,179.52,75.21,50.02,
2021-08-10 09:03:12.043450,224.23,0.70,163.00,0.91,179.52,75.21,50.02,
2021-08-10 09:03:12.046826,224.23,0.70,163.00,0.91,179.52,75.21,50.02,
2021-08-10 09:03:12.050728,224.23,0.70,163.00,0.91,179.52,75.21,50.02,
2021-08-10 09:03:12.054683,224.23,0.70,163.00,0.91,179.52,75.21,50.02,
2021-08-10 09:03:12.058620,224.23,0.70,163.00,0.91,179.52,75.21,50.02,
2021-08-10 09:03:12.062558,224.23,0.70,163.00,0.91,179.52,75.21,50.02,
2021-08-10 09:03:12.065851,224.23,0.70,163.00,0.91,179.52,75.21,50.02,
2021-08-10 09:03:12.069759,224.23,0.70,163.00,0.91,179.52,75.21,50.02,
2021-08-10 09:03:12.073711,224.23,0.70,163.00,0.91,179.52,75.21,50.02,
2021-08-10 09:03:12.077642,224.23,0.70,163.00,0.91,179.52,75.21,50.02,
2021-08-10 09:03:12.081600,224.23,0.70,163.00,0.91,179.52,75.21,50.02,
2021-08-10 09:03:12.085485,224.23,0.70,163.00,0.91,179.52,75.21,50.02,
2021-08-10 09:03:12.088857,224.23,0.70,163.00,0.91,179.52,75.21,50.02,
2021-08-10 09:03:12.092745,224.23,0.70,163.00,0.91,179.52,75.21,50.02,
2021-08-10 09:03:12.096899,224.23,0.70,163.00,0.91,179.52,75.21,50.02,
2021-08-10 09:03:12.100792,224.23,0.70,163.00,0.91,179.52,75.21,50.02,
2021-08-10 09:03:12.104712,224.23,0.70,163.00,0.91,179.52,75.21,50.02,
2021-08-10 09:03:12.108561,224.23,0.70,163.00,0.91,179.52,75.21,50.02,
2021-08-10 09:03:12.112087,224.23,0.70,163.00,0.91,179.52,75.21,50.02,
2021-08-10 09:03:12.115927,224.23,0.70,163.00,0.91,179.52,75.21,50.02,
2021-08-10 09:03:12.119834,224.46,0.70,163.00,0.90,180.31,77.09,50.02,
2021-08-10 09:03:12.123741,224.46,0.70,163.00,0.90,180.31,77.09,50.02,
2021-08-10 09:03:12.127634,224.46,0.70,163.00,0.90,180.31,77.09,50.02,
2021-08-10 09:03:12.131129,224.46,0.70,163.00,0.90,180.31,77.09,50.02,
2021-08-10 09:03:12.135006,224.46,0.70,163.00,0.90,180.31,77.09,50.02,
2021-08-10 09:03:12.138914,224.46,0.70,163.00,0.90,180.31,77.09,50.02,
2021-08-10 09:03:12.142822,224.46,0.70,163.00,0.90,180.31,77.09,50.02,
2021-08-10 09:03:12.146680,224.46,0.70,163.00,0.90,180.31,77.09,50.02,
2021-08-10 09:03:12.150179,224.46,0.70,163.00,0.90,180.31,77.09,50.02,
2021-08-10 09:03:12.154060,224.46,0.70,163.00,0.90,180.31,77.09,50.02,
2021-08-10 09:03:12.157946,224.46,0.70,163.00,0.90,180.31,77.09,50.02,
2021-08-10 09:03:12.161868,224.46,0.70,163.00,0.90,180.31,77.09,50.02,
2021-08-10 09:03:12.165762,224.46,0.70,163.00,0.90,180.31,77.09,50.02,
2021-08-10 09:03:12.169629,224.46,0.70,163.00,0.90,180.31,77.09,50.02,
2021-08-10 09:03:12.173145,224.46,0.70,163.00,0.90,180.31,77.09,50.02,
2021-08-10 09:03:12.177003,224.46,0.70,163.00,0.90,180.31,77.09,50.02,
2021-08-10 09:03:12.180945,224.46,0.70,163.00,0.90,180.31,77.09,50.02,
2021-08-10 09:03:12.184822,224.46,0.70,163.00,0.90,180.31,77.09,50.02,
2021-08-10 09:03:12.188676,224.46,0.70,163.00,0.90,180.31,77.09,50.02,
2021-08-10 09:03:12.192601,224.46,0.70,163.00,0.90,180.31,77.09,50.02,
2021-08-10 09:03:12.196088,224.46,0.70,163.00,0.90,180.31,77.09,50.02,
2021-08-10 09:03:12.199735,224.46,0.70,163.00,0.90,180.31,77.09,50.02,
2021-08-10 09:03:12.203674,224.46,0.70,163.00,0.90,180.31,77.09,50.02,
2021-08-10 09:03:12.207605,224.46,0.70,163.00,0.90,180.31,77.09,50.02,
2021-08-10 09:03:12.211528,224.46,0.70,163.00,0.90,180.31,77.09,50.02,
2021-08-10 09:03:12.214849,224.46,0.70,163.00,0.90,180.31,77.09,50.02,
2021-08-10 09:03:12.218830,224.46,0.70,163.00,0.90,180.31,77.09,50.02,
2021-08-10 09:03:12.222708,224.46,0.70,163.00,0.90,180.31,77.09,50.02,
2021-08-10 09:03:12.226643,224.46,0.70,163.00,0.90,180.31,77.09,50.02,
2021-08-10 09:03:12.230576,224.46,0.70,163.00,0.90,180.31,77.09,50.02,
2021-08-10 09:03:12.234509,224.46,0.70,163.00,0.90,180.31,77.09,50.02,
2021-08-10 09:03:12.237796,224.46,0.70,163.00,0.90,180.31,77.09,50.02,
2021-08-10 09:03:12.241854,224.46,0.70,163.00,0.90,180.31,77.09,50.02,
2021-08-10 09:03:12.245710,224.46,0.70,163.00,0.90,180.31,77.09,50.02,
2021-08-10 09:03:12.249588,224.46,0.70,163.00,0.90,180.31,77.09,50.02,
2021-08-10 09:03:12.253540,224.46,0.70,163.00,0.90,180.31,77.09,50.02,
2021-08-10 09:03:12.256829,224.46,0.70,163.00,0.90,180.31,77.09,50.02,
2021-08-10 09:03:12.260760,224.46,0.70,163.00,0.90,180.31,77.09,50.02,
2021-08-10 09:03:12.264727,224.46,0.70,163.00,0.90,180.31,77.09,50.02,
2021-08-10 09:03:12.268649,224.46,0.70,163.00,0.90,180.31,77.09,50.02,
2021-08-10 09:03:12.272561,224.46,0.70,163.00,0.90,180.31,77.09,50.02,
2021-08-10 09:03:12.276492,224.46,0.70,163.00,0.90,180.31,77.09,50.02,
2021-08-10 09:03:12.279787,224.46,0.70,163.00,0.90,180.31,77.09,50.02,
2021-08-10 09:03:12.283745,224.46,0.70,163.00,0.90,180.31,77.09,50.02,
2021-08-10 09:03:12.287670,224.46,0.70,163.00,0.90,180.31,77.09,50.02,
2021-08-10 09:03:12.291623,224.46,0.70,163.00,0.90,180.31,77.09,50.02,
2021-08-10 09:03:12.295525,224.46,0.70,163.00,0.90,180.31,77.09,50.02,
2021-08-10 09:03:12.298864,224.46,0.70,163.00,0.90,180.31,77.09,50.02,
2021-08-10 09:03:12.302777,224.46,0.70,163.00,0.90,180.31,77.09,50.02,
2021-08-10 09:03:12.306706,224.46,0.70,163.00,0.90,180.31,77.09,50.02,
2021-08-10 09:03:12.310679,224.46,0.70,163.00,0.90,180.31,77.09,50.02,
2021-08-10 09:03:12.314591,224.46,0.70,163.00,0.90,180.31,77.09,50.02,
2021-08-10 09:03:12.318488,224.46,0.70,163.00,0.90,180.31,77.09,50.02,
2021-08-10 09:03:12.321846,224.46,0.70,163.00,0.90,180.31,77.09,50.02,
2021-08-10 09:03:12.325735,224.46,0.70,163.00,0.90,180.31,77.09,50.02,
2021-08-10 09:03:12.329675,224.46,0.70,163.00,0.90,180.31,77.09,50.02,
2021-08-10 09:03:12.333626,224.46,0.70,163.00,0.90,180.31,77.09,50.02,
2021-08-10 09:03:12.337552,224.46,0.70,163.00,0.90,180.31,77.09,50.02,
2021-08-10 09:03:12.340926,224.46,0.70,163.00,0.90,180.31,77.09,50.02,
2021-08-10 09:03:12.344774,224.46,0.70,163.00,0.90,180.31,77.09,50.02,
2021-08-10 09:03:12.348713,224.46,0.70,163.00,0.90,180.31,77.09,50.02,
2021-08-10 09:03:12.352663,224.46,0.70,163.00,0.90,180.31,77.09,50.02,
2021-08-10 09:03:12.356549,224.46,0.70,163.00,0.90,180.31,77.09,50.02,
2021-08-10 09:03:12.360493,224.46,0.70,163.00,0.90,180.31,77.09,50.02,
2021-08-10 09:03:12.363844,224.46,0.70,163.00,0.90,180.31,77.09,50.02,
2021-08-10 09:03:12.367741,224.46,0.70,163.00,0.90,180.31,77.09,50.02,
2021-08-10 09:03:12.371690,224.46,0.70,163.00,0.90,180.31,77.09,50.02,
2021-08-10 09:03:12.375622,224.46,0.70,163.00,0.90,180.31,77.09,50.02,
2021-08-10 09:03:12.379519,224.46,0.70,163.00,0.90,180.31,77.09,50.02,
2021-08-10 09:03:12.382915,224.46,0.70,163.00,0.90,180.31,77.09,50.02,
2021-08-10 09:03:12.386844,224.46,0.70,163.00,0.90,180.31,77.09,50.02